home_team,away_team,home_density,home_diameter,home_transitivity,away_density,away_diameter,away_transitivity
Deportivo Alavés,Barcelona,0.6083333333333333,3.0,3.912,1.9166666666666667,2.0,7.461864406779661
Granada,Barcelona,0.7708333333333334,2.0,3.9026548672566372,1.8208333333333333,2.0,6.9125
Barcelona,Celta Vigo,1.675,2.0,6.101123595505618,1.5256410256410255,2.0,5.298245614035087
Real Betis,Barcelona,1.0208333333333333,2.0,4.5,1.675,2.0,6.350364963503649
Osasuna,Barcelona,1.0166666666666666,3.0,5.161764705882353,1.675,3.0,7.551724137931035
Real Madrid,Barcelona,0.7708333333333334,2.0,4.120689655172414,1.6625,3.0,8.321608040201005
Barcelona,Levante UD,1.879120879120879,3.0,6.722727272727273,0.9416666666666667,2.0,4.518828451882845
Barcelona,Villarreal,1.7666666666666666,2.0,6.554054054054054,1.2458333333333333,2.0,5.66798418972332
Celta Vigo,Barcelona,1.0541666666666667,2.0,4.751131221719457,1.835164835164835,2.0,6.185714285714286
Barcelona,Real Madrid,1.4761904761904763,3.0,5.923566878980892,1.7967032967032968,2.0,6.216216216216216
Huesca,Barcelona,0.8761904761904762,2.0,3.909090909090909,2.3076923076923075,2.0,8.605263157894736
Barcelona,Sevilla,1.6857142857142857,2.0,5.211155378486056,1.3291666666666666,2.0,5.364864864864865
Getafe,Barcelona,0.8241758241758241,3.0,4.090909090909091,1.4375,2.0,5.502024291497976
Atlético Madrid,Barcelona,1.438095238095238,2.0,5.951871657754011,1.619047619047619,2.0,6.423913043478261
Barcelona,Valencia,1.861904761904762,2.0,7.298319327731092,0.9835164835164835,3.0,4.7
Barcelona,Granada,2.6373626373626373,2.0,8.55,0.6904761904761905,3.0,4.104166666666667
Barcelona,Atlético Madrid,1.5857142857142856,2.0,6.142857142857143,1.2692307692307692,2.0,4.294736842105263
Levante UD,Barcelona,0.975,3.0,4.7757847533632285,1.4333333333333333,2.0,5.241635687732342
Valencia,Barcelona,1.0714285714285714,2.0,4.151515151515151,2.6923076923076925,2.0,7.545454545454546
Barcelona,Huesca,2.0416666666666665,2.0,8.391304347826088,1.0,2.0,4.5508474576271185
Barcelona,Getafe,2.4523809523809526,2.0,6.712643678160919,0.5083333333333333,2.0,3.1241379310344826
Real Sociedad,Barcelona,0.8041666666666667,3.0,4.694915254237288,1.625,2.0,5.925311203319502
Barcelona,Real Sociedad,1.4333333333333333,2.0,4.858823529411764,1.2380952380952381,2.0,4.584269662921348
Real Valladolid,Barcelona,1.0875,2.0,4.334600760456274,1.8428571428571427,2.0,6.1395348837209305
Cádiz,Barcelona,0.5333333333333333,3.0,3.8181818181818183,2.3047619047619046,2.0,7.962962962962963
Athletic Club,Barcelona,1.3428571428571427,2.0,5.149425287356322,2.2115384615384617,2.0,6.517241379310345
Barcelona,Deportivo Alavés,1.9541666666666666,2.0,7.5335820895522385,0.7708333333333334,2.0,3.923076923076923
Barcelona,Real Valladolid,1.6541666666666666,2.0,6.939130434782609,1.0274725274725274,2.0,5.23448275862069
Sevilla,Barcelona,1.1041666666666667,2.0,4.663636363636364,1.561904761904762,2.0,5.623318385650224
Barcelona,Athletic Club,1.7857142857142858,3.0,6.5595854922279795,1.2190476190476192,2.0,5.0625
Barcelona,Osasuna,1.725,2.0,6.571984435797665,0.8791666666666667,3.0,4.316326530612245
Barcelona,Cádiz,2.091666666666667,2.0,8.151162790697674,0.5416666666666666,2.0,3.652173913043478
Barcelona,Elche,1.775,2.0,7.52054794520548,1.0416666666666667,2.0,4.893203883495145
Villarreal,Barcelona,1.0583333333333333,2.0,5.171052631578948,1.6666666666666667,2.0,5.657534246575342
Barcelona,Real Betis,1.7047619047619047,2.0,5.988326848249027,1.1,2.0,4.716666666666667
Barcelona,Eibar,2.17032967032967,2.0,7.220779220779221,0.9505494505494505,2.0,4.0
Barcelona,Leganés,1.9791666666666667,2.0,6.696,0.7041666666666667,2.0,3.9074074074074074
Celta Vigo,Barcelona,0.775,2.0,3.970059880239521,1.6666666666666667,2.0,6.963157894736842
Barcelona,Real Madrid,1.9935897435897436,2.0,7.086734693877551,1.7692307692307692,2.0,6.098360655737705
Barcelona,Villarreal,1.9175824175824177,2.0,6.52054794520548,1.456043956043956,2.0,5.865168539325842
Villarreal,Barcelona,0.9041666666666667,2.0,3.904580152671756,1.8291666666666666,2.0,7.032786885245901
Levante UD,Barcelona,1.1263736263736264,3.0,5.311764705882353,2.0494505494505493,2.0,6.633620689655173
Barcelona,Mallorca,2.1263736263736264,2.0,6.48,1.2087912087912087,2.0,5.288659793814433
Real Sociedad,Barcelona,1.6978021978021978,2.0,5.870270270270271,1.598901098901099,2.0,5.685714285714286
Barcelona,Levante UD,2.208791208791209,2.0,8.273684210526316,1.1153846153846154,2.0,4.641791044776119
Valencia,Barcelona,0.8956043956043956,3.0,4.251798561151079,2.434065934065934,2.0,7.830508474576271
Barcelona,Osasuna,1.9041666666666666,2.0,6.685714285714286,0.5875,3.0,3.648
Deportivo Alavés,Barcelona,0.9125,2.0,4.238297872340426,2.269230769230769,2.0,7.4623115577889445
Barcelona,Athletic Club,2.080952380952381,2.0,7.24892703862661,0.8041666666666667,2.0,3.7049180327868854
Real Valladolid,Barcelona,0.9625,2.0,4.042471042471043,1.7952380952380953,2.0,5.875
Barcelona,Real Sociedad,1.598901098901099,2.0,6.828729281767956,1.434065934065934,2.0,5.796296296296297
Barcelona,Espanyol,2.0095238095238095,3.0,9.280701754385966,0.8461538461538461,2.0,4.231343283582089
Barcelona,Atlético Madrid,2.197802197802198,2.0,8.49438202247191,0.7047619047619048,2.0,3.8181818181818183
Barcelona,Celta Vigo,2.1373626373626373,2.0,7.405405405405405,1.3076923076923077,2.0,4.344827586206897
Barcelona,Real Valladolid,1.9615384615384615,2.0,7.647058823529412,1.120879120879121,2.0,4.5
Mallorca,Barcelona,0.9208333333333333,3.0,4.25,1.5583333333333333,2.0,5.56595744680851
Espanyol,Barcelona,0.9395604395604396,2.0,3.941860465116279,2.391025641025641,2.0,6.809523809523809
Sevilla,Barcelona,0.9291666666666667,2.0,4.543689320388349,2.098901098901099,2.0,7.458333333333333
Real Madrid,Barcelona,1.5,2.0,6.0359281437125745,1.8956043956043955,2.0,8.241379310344827
Eibar,Barcelona,1.4230769230769231,2.0,5.702970297029703,1.901098901098901,2.0,6.397260273972603
Real Betis,Barcelona,0.8516483516483516,2.0,4.041916167664671,2.0164835164835164,2.0,6.153846153846154
Granada,Barcelona,0.8186813186813187,2.0,3.9,1.945054945054945,2.0,6.398104265402844
Leganés,Barcelona,0.7032967032967034,3.0,4.073684210526316,2.3076923076923075,2.0,8.289473684210526
Barcelona,Getafe,2.1263736263736264,2.0,7.583690987124464,0.7802197802197802,2.0,3.351063829787234
Atlético Madrid,Barcelona,1.021978021978022,2.0,4.49079754601227,2.3846153846153846,2.0,7.190476190476191
Barcelona,Deportivo Alavés,2.368131868131868,2.0,8.594117647058823,1.1813186813186813,2.0,5.190476190476191
Barcelona,Granada,2.978021978021978,2.0,9.791878172588833,0.7857142857142857,2.0,3.7552447552447554
Barcelona,Sevilla,1.6373626373626373,2.0,5.971563981042654,1.39010989010989,2.0,4.737623762376238
Real Sociedad,Barcelona,0.9560439560439561,2.0,4.017241379310345,2.10989010989011,2.0,6.486792452830189
Leganés,Barcelona,0.7362637362637363,3.0,3.43448275862069,2.3956043956043955,2.0,8.015873015873016
Barcelona,Sevilla,1.4725274725274726,2.0,5.770408163265306,1.3846153846153846,2.0,5.3
Atlético Madrid,Barcelona,1.2115384615384615,2.0,4.552941176470588,2.131868131868132,2.0,7.748663101604278
Espanyol,Barcelona,1.3846153846153846,2.0,4.780082987551867,1.7087912087912087,2.0,6.101449275362318
Sevilla,Barcelona,1.2472527472527473,2.0,4.981132075471698,1.6758241758241759,2.0,5.2663755458515285
Barcelona,Celta Vigo,1.6318681318681318,2.0,5.461883408071749,1.4120879120879122,2.0,4.847222222222222
Getafe,Barcelona,0.9010989010989011,2.0,3.914438502673797,2.0714285714285716,2.0,6.84
Barcelona,Real Valladolid,2.159340659340659,2.0,7.065,1.4615384615384615,2.0,5.7
Real Betis,Barcelona,1.89010989010989,2.0,6.9365853658536585,1.4065934065934067,2.0,5.9361702127659575
Athletic Club,Barcelona,1.098901098901099,2.0,4.297297297297297,2.2435897435897436,2.0,6.915
Barcelona,Real Sociedad,1.478021978021978,3.0,5.057971014492754,1.5494505494505495,2.0,5.504464285714286
Barcelona,Deportivo Alavés,2.4450549450549453,2.0,6.817021276595745,0.6263736263736264,2.0,3.504
Barcelona,Valencia,2.2527472527472527,2.0,7.093220338983051,1.0824175824175823,2.0,4.592783505154639
Barcelona,Leganés,2.28021978021978,2.0,6.735849056603773,0.8076923076923077,3.0,4.4186046511627906
Barcelona,Atlético Madrid,2.076923076923077,2.0,7.735135135135135,1.2637362637362637,2.0,5.257425742574258
Barcelona,Real Betis,1.3956043956043955,2.0,5.045454545454546,1.2527472527472527,2.0,5.128571428571429
Barcelona,Levante UD,1.7252747252747254,2.0,6.2020725388601035,1.021978021978022,2.0,4.693251533742331
Barcelona,Villarreal,2.2756410256410255,2.0,8.235668789808917,1.1923076923076923,2.0,5.586956521739131
Girona,Barcelona,1.0604395604395604,2.0,4.695652173913044,1.8131868131868132,2.0,6.367021276595745
Deportivo Alavés,Barcelona,0.8956043956043956,2.0,4.109090909090909,2.2967032967032965,2.0,7.107692307692307
Barcelona,Huesca,1.9615384615384615,2.0,5.791836734693877,0.9120879120879121,2.0,3.7630057803468207
Eibar,Barcelona,1.3626373626373627,2.0,4.914285714285715,1.8516483516483517,2.0,6.5606060606060606
Barcelona,Eibar,1.8131868131868132,2.0,6.587628865979381,1.3186813186813187,2.0,5.169902912621359
Barcelona,Rayo Vallecano,2.0494505494505493,2.0,7.533333333333333,1.2243589743589745,2.0,4.546583850931677
Levante UD,Barcelona,1.2197802197802199,2.0,5.005524861878453,1.4175824175824177,2.0,5.951086956521739
Barcelona,Getafe,2.598901098901099,2.0,8.433179723502304,0.8461538461538461,2.0,4.156626506024097
Barcelona,Athletic Club,1.7692307692307692,2.0,5.90625,0.8791208791208791,3.0,3.627906976744186
Barcelona,Girona,1.9945054945054945,2.0,6.46829268292683,1.1538461538461537,3.0,4.625698324022347
Villarreal,Barcelona,1.0705128205128205,2.0,4.774647887323944,2.0934065934065935,2.0,6.625
Valencia,Barcelona,0.9945054945054945,2.0,4.27810650887574,3.0641025641025643,2.0,9.212903225806452
Real Madrid,Barcelona,1.3736263736263736,2.0,4.955882352941177,1.565934065934066,3.0,5.887700534759358
Real Valladolid,Barcelona,1.0769230769230769,2.0,4.3584905660377355,1.6373626373626373,2.0,5.922580645161291
Barcelona,Espanyol,1.967032967032967,2.0,6.538834951456311,1.0714285714285714,2.0,4.817142857142857
Barcelona,Valencia,2.4743589743589745,2.0,7.430232558139535,1.1813186813186813,2.0,4.8152866242038215
RC Deportivo La Coruña,Barcelona,1.3076923076923077,3.0,6.411764705882353,1.9725274725274726,2.0,5.729411764705882
Barcelona,Real Madrid,1.532967032967033,2.0,6.670588235294118,1.6703296703296704,2.0,6.297169811320755
Barcelona,Athletic Club,1.7747252747252746,2.0,5.876712328767123,1.1978021978021978,2.0,4.293103448275862
Las Palmas,Barcelona,0.9505494505494505,3.0,5.042553191489362,1.7582417582417582,2.0,6.616216216216216
Eibar,Barcelona,1.3021978021978022,2.0,5.046082949308755,1.6373626373626373,2.0,5.27319587628866
Barcelona,Las Palmas,1.5714285714285714,2.0,5.950549450549451,1.8782051282051282,2.0,6.703125
Barcelona,Eibar,1.8021978021978022,2.0,5.195744680851064,1.3406593406593406,2.0,4.891304347826087
Barcelona,Real Betis,1.9615384615384615,2.0,7.38728323699422,1.2142857142857142,2.0,4.764705882352941
Barcelona,Villarreal,1.8406593406593406,2.0,6.5344827586206895,1.3516483516483517,2.0,5.701863354037267
Real Madrid,Barcelona,1.4395604395604396,2.0,6.05,1.6813186813186813,2.0,6.620689655172414
Barcelona,Levante UD,1.9615384615384615,2.0,6.507692307692308,0.8186813186813187,2.0,3.8727272727272726
Real Betis,Barcelona,1.2967032967032968,2.0,6.127659574468085,1.521978021978022,2.0,5.926829268292683
Athletic Club,Barcelona,1.3653846153846154,2.0,5.411764705882353,2.3636363636363638,2.0,7.433962264150943
Barcelona,Espanyol,2.1483516483516483,2.0,6.215311004784689,0.6263736263736264,2.0,3.4285714285714284
Barcelona,Leganés,1.978021978021978,3.0,6.6467065868263475,1.032967032967033,2.0,4.078817733990148
Espanyol,Barcelona,0.7912087912087912,3.0,4.317073170731708,1.7087912087912087,2.0,5.403061224489796
Barcelona,Celta Vigo,2.0494505494505493,2.0,6.220779220779221,1.25,2.0,5.337662337662338
Sevilla,Barcelona,1.3021978021978022,2.0,4.895522388059701,1.9230769230769231,2.0,7.144927536231884
Valencia,Barcelona,1.0054945054945055,2.0,4.678571428571429,2.17032967032967,2.0,7.460732984293194
Barcelona,Getafe,2.197802197802198,2.0,6.25,0.6794871794871795,,3.6048387096774195
Villarreal,Barcelona,1.391025641025641,2.0,4.7926829268292686,2.3351648351648353,2.0,7.441048034934497
Barcelona,Sevilla,1.5714285714285714,2.0,6.084507042253521,1.532967032967033,2.0,5.620689655172414
Barcelona,Málaga,2.1043956043956045,2.0,6.658163265306122,1.3021978021978022,2.0,5.4375
Girona,Barcelona,1.1483516483516483,2.0,4.854838709677419,1.4285714285714286,2.0,4.952830188679245
Barcelona,Atlético Madrid,2.0128205128205128,2.0,6.954545454545454,1.2857142857142858,2.0,5.879310344827586
Barcelona,Girona,1.7307692307692308,2.0,6.056338028169014,1.1593406593406594,2.0,5.37125748502994
Atlético Madrid,Barcelona,1.098901098901099,2.0,4.365168539325842,2.0549450549450547,2.0,7.005154639175258
Barcelona,Deportivo Alavés,2.087912087912088,2.0,6.5665236051502145,0.7472527472527473,2.0,4.093220338983051
Getafe,Barcelona,0.9615384615384616,2.0,3.8656716417910446,1.9945054945054945,2.0,6.073170731707317
Barcelona,Real Sociedad,1.7857142857142858,2.0,5.8669950738916254,1.2417582417582418,2.0,4.885714285714286
Leganés,Barcelona,0.8626373626373627,2.0,3.9827586206896552,1.8186813186813187,2.0,5.896103896103896
Deportivo Alavés,Barcelona,0.8626373626373627,2.0,3.992957746478873,2.269230769230769,2.0,7.044776119402985
Barcelona,RC Deportivo La Coruña,1.8186813186813187,2.0,6.545454545454546,1.3571428571428572,2.0,5.246753246753247
Real Sociedad,Barcelona,1.2307692307692308,2.0,4.564516129032258,1.4395604395604396,3.0,5.7272727272727275
Celta Vigo,Barcelona,1.3296703296703296,2.0,4.4875,1.4175824175824177,2.0,5.469613259668508
Sevilla,Barcelona,1.401098901098901,2.0,5.436619718309859,2.1666666666666665,2.0,5.947058823529412
Osasuna,Barcelona,0.6978021978021978,2.0,3.55045871559633,3.0128205128205128,2.0,10.12987012987013
Real Madrid,Barcelona,1.3956043956043955,2.0,5.004739336492891,2.3106060606060606,2.0,6.873626373626373
Leganés,Barcelona,0.9230769230769231,2.0,3.9155844155844157,1.5384615384615385,2.0,5.547169811320755
Barcelona,Deportivo Alavés,1.934065934065934,2.0,6.454128440366972,0.7857142857142857,2.0,3.925531914893617
Athletic Club,Barcelona,0.9725274725274725,2.0,4.114754098360656,1.7417582417582418,2.0,6.6455696202531644
Barcelona,Atlético Madrid,2.608974358974359,2.0,7.582417582417582,0.9340659340659341,2.0,4.077844311377246
Barcelona,Real Betis,2.2756410256410255,2.0,8.625,0.8736263736263736,2.0,3.9931034482758623
Real Betis,Barcelona,0.8296703296703297,3.0,4.338461538461538,1.6538461538461537,2.0,4.99601593625498
Las Palmas,Barcelona,1.164835164835165,2.0,5.201183431952662,1.8846153846153846,2.0,7.177914110429448
Villarreal,Barcelona,1.1602564102564104,2.0,5.52755905511811,2.2756410256410255,2.0,6.971590909090909
Barcelona,Osasuna,3.2954545454545454,2.0,10.11864406779661,0.7472527472527473,3.0,3.7559055118110236
Barcelona,Valencia,2.2884615384615383,2.0,6.713513513513513,0.7582417582417582,2.0,4.359375
Valencia,Barcelona,0.8516483516483516,2.0,4.03125,2.2948717948717947,2.0,6.475247524752476
RC Deportivo La Coruña,Barcelona,0.9945054945054945,2.0,4.376470588235295,2.0824175824175826,2.0,6.770642201834862
Deportivo Alavés,Barcelona,0.8956043956043956,2.0,4.04,1.967032967032967,2.0,5.417910447761194
Barcelona,Las Palmas,1.6593406593406594,2.0,5.25,1.1373626373626373,2.0,4.683962264150943
Barcelona,Athletic Club,1.3626373626373627,2.0,5.01063829787234,1.2142857142857142,2.0,4.348484848484849
Eibar,Barcelona,1.1483516483516483,2.0,4.960893854748603,1.6978021978021978,3.0,6.0520231213872835
Barcelona,Espanyol,2.0064102564102564,2.0,5.747524752475248,0.9120879120879121,2.0,4.452830188679245
Barcelona,Sevilla,1.8626373626373627,2.0,7.0476190476190474,1.4175824175824177,2.0,5.413043478260869
Barcelona,Eibar,2.1923076923076925,2.0,6.127659574468085,0.8131868131868132,2.0,3.968503937007874
Barcelona,Real Madrid,1.60989010989011,2.0,6.327868852459017,1.3571428571428572,3.0,5.348484848484849
Málaga,Barcelona,0.9505494505494505,2.0,4.125,1.9230769230769231,2.0,6.8478260869565215
Barcelona,Real Sociedad,1.8333333333333333,2.0,6.384615384615385,1.4615384615384615,2.0,5.653846153846154
Espanyol,Barcelona,1.0384615384615385,2.0,4.591463414634147,2.6136363636363638,2.0,8.25
Barcelona,Villarreal,2.076923076923077,2.0,6.705882352941177,1.1923076923076923,2.0,5.440298507462686
Atlético Madrid,Barcelona,1.1602564102564104,2.0,5.1075949367088604,1.489010989010989,2.0,5.3901098901098905
Barcelona,Celta Vigo,1.879120879120879,2.0,6.0,1.1153846153846154,2.0,4.135802469135802
Real Sociedad,Barcelona,1.489010989010989,2.0,5.723300970873787,1.856060606060606,2.0,5.554285714285714
Barcelona,Sporting Gijón,2.159340659340659,2.0,6.2025316455696204,0.8351648351648352,2.0,3.7463414634146344
Barcelona,RC Deportivo La Coruña,1.7857142857142858,2.0,6.079787234042553,0.9560439560439561,2.0,4.705035971223022
Barcelona,Leganés,2.0054945054945055,2.0,6.228070175438597,1.0054945054945055,3.0,4.440944881889764
Barcelona,Granada,2.391025641025641,2.0,6.253968253968254,0.9615384615384616,2.0,4.1625
Levante UD,Eibar,1.4175824175824177,2.0,4.828571428571428,0.9560439560439561,2.0,3.9456521739130435
Las Palmas,Sevilla,0.978021978021978,2.0,3.9246575342465753,1.335164835164835,2.0,4.7685589519650655
RC Deportivo La Coruña,Getafe,1.1813186813186813,2.0,4.160804020100502,1.010989010989011,2.0,4.35754189944134
Málaga,Levante UD,1.2527472527472527,2.0,5.558282208588957,0.9065934065934066,2.0,3.988826815642458
Espanyol,Eibar,1.5494505494505495,2.0,6.490909090909091,1.3626373626373627,2.0,4.743243243243243
Málaga,Las Palmas,1.1428571428571428,2.0,4.679347826086956,1.6923076923076923,2.0,5.205882352941177
Sporting Gijón,Villarreal,1.6043956043956045,2.0,5.346534653465347,1.467032967032967,2.0,5.063583815028902
Rayo Vallecano,Levante UD,1.5604395604395604,2.0,5.3405172413793105,1.164835164835165,2.0,4.331775700934579
Real Betis,Getafe,1.5879120879120878,2.0,5.441860465116279,1.0,2.0,3.8680203045685277
RC Deportivo La Coruña,Real Madrid,1.456043956043956,2.0,5.318181818181818,1.9120879120879122,2.0,6.454545454545454
Athletic Club,Sevilla,1.5054945054945055,2.0,6.466666666666667,1.1153846153846154,2.0,4.175879396984925
Atlético Madrid,Celta Vigo,1.5128205128205128,2.0,5.293193717277487,1.5384615384615385,2.0,5.421052631578948
Valencia,Real Sociedad,1.3736263736263736,2.0,5.435643564356436,1.3406593406593406,2.0,5.560209424083769
Levante UD,Atlético Madrid,1.7142857142857142,2.0,6.046153846153846,1.4505494505494505,2.0,5.643243243243243
Eibar,RC Deportivo La Coruña,1.2032967032967032,2.0,4.910714285714286,1.6346153846153846,2.0,5.543478260869565
Getafe,Eibar,0.8681318681318682,2.0,3.6502463054187193,1.4679487179487178,2.0,5.258620689655173
Real Betis,Sporting Gijón,1.445054945054945,2.0,5.009174311926605,1.098901098901099,2.0,5.51063829787234
Levante UD,Getafe,1.0054945054945055,2.0,3.876923076923077,1.2527472527472527,2.0,4.272321428571429
Eibar,Granada,1.0879120879120878,2.0,4.112359550561798,0.8241758241758241,3.0,3.8053691275167787
Villarreal,Real Sociedad,1.1758241758241759,2.0,4.59375,1.6373626373626373,3.0,7.156424581005586
Sevilla,Real Betis,1.098901098901099,3.0,5.014285714285714,0.8901098901098901,2.0,3.76271186440678
Levante UD,Athletic Club,0.9065934065934066,2.0,4.046511627906977,1.445054945054945,2.0,4.67948717948718
Atlético Madrid,Málaga,1.4743589743589745,2.0,5.473684210526316,1.4505494505494505,2.0,5.054794520547945
Las Palmas,Espanyol,1.6978021978021978,2.0,5.305785123966942,1.1758241758241759,2.0,4.674757281553398
Granada,Levante UD,0.989010989010989,2.0,4.625,1.2032967032967032,2.0,4.836734693877551
Real Sociedad,Getafe,1.4835164835164836,2.0,5.6571428571428575,1.1758241758241759,2.0,4.943181818181818
Málaga,Rayo Vallecano,1.2582417582417582,2.0,5.913793103448276,1.0,2.0,4.5
Sporting Gijón,Sevilla,1.1813186813186813,2.0,4.945945945945946,1.2857142857142858,2.0,4.313304721030043
Athletic Club,Atlético Madrid,2.0384615384615383,2.0,6.739726027397261,1.3782051282051282,2.0,5.051612903225807
Valencia,Eibar,1.5494505494505495,2.0,6.111111111111111,1.3076923076923077,2.0,4.710280373831775
Real Betis,Las Palmas,1.2527472527472527,2.0,4.834951456310679,1.5,2.0,5.761904761904762
Rayo Vallecano,Villarreal,1.6593406593406594,2.0,5.645320197044335,1.2912087912087913,2.0,5.28
Málaga,Athletic Club,1.098901098901099,2.0,4.378378378378378,1.1923076923076923,,5.317365269461078
Atlético Madrid,Granada,1.5494505494505495,2.0,6.492063492063492,1.1923076923076923,2.0,4.970149253731344
Sevilla,RC Deportivo La Coruña,1.6373626373626373,2.0,6.580645161290323,1.2197802197802199,2.0,5.306532663316583
Eibar,Real Sociedad,0.9010989010989011,3.0,4.976744186046512,1.2747252747252746,2.0,5.087628865979381
Celta Vigo,Real Betis,1.8846153846153846,2.0,6.5665236051502145,0.8736263736263736,2.0,4.5
Getafe,Real Madrid,1.0576923076923077,2.0,3.9029126213592233,1.7747252747252746,2.0,6.957446808510638
Levante UD,Espanyol,1.120879120879121,2.0,4.26063829787234,1.1043956043956045,2.0,4.9939024390243905
RC Deportivo La Coruña,Las Palmas,1.2307692307692308,2.0,4.415094339622642,1.8186813186813187,2.0,6.626865671641791
Athletic Club,Rayo Vallecano,1.3131868131868132,2.0,5.32620320855615,1.814102564102564,2.0,5.7846153846153845
Villarreal,Getafe,1.2142857142857142,2.0,4.531578947368421,1.1868131868131868,2.0,5.325
Sporting Gijón,Celta Vigo,0.978021978021978,2.0,4.583850931677019,1.4725274725274726,3.0,6.327586206896552
Valencia,Sevilla,1.2307692307692308,2.0,5.226415094339623,1.164835164835165,2.0,4.259067357512953
Espanyol,Atlético Madrid,1.4120879120879122,2.0,4.710743801652892,1.2087912087912087,2.0,5.006024096385542
Real Betis,Levante UD,1.3241758241758241,2.0,4.629032258064516,1.4175824175824177,2.0,6.0473684210526315
Granada,Málaga,1.4615384615384615,2.0,5.766233766233766,1.2747252747252746,2.0,5.41764705882353
Levante UD,Sporting Gijón,1.2472527472527473,2.0,4.867924528301887,0.9945054945054945,2.0,4.548387096774194
Eibar,Villarreal,1.3681318681318682,2.0,4.7569060773480665,1.4835164835164836,2.0,5.870270270270271
Sevilla,Real Sociedad,1.5879120879120878,2.0,5.3375,1.0769230769230769,2.0,3.9932432432432434
Málaga,Espanyol,1.7637362637362637,2.0,6.708661417322834,1.1794871794871795,2.0,4.19672131147541
Las Palmas,Valencia,1.598901098901099,2.0,5.754098360655738,1.120879120879121,2.0,4.731958762886598
Espanyol,Athletic Club,1.2472527472527473,2.0,5.589041095890411,1.4945054945054945,2.0,4.68
Real Madrid,Sevilla,1.7692307692307692,2.0,6.785340314136126,1.065934065934066,2.0,4.477832512315271
Valencia,Celta Vigo,1.3956043956043955,2.0,5.072164948453608,1.2142857142857142,2.0,4.844827586206897
Real Sociedad,Las Palmas,1.5164835164835164,2.0,5.444444444444445,0.978021978021978,2.0,4.56
Granada,Rayo Vallecano,0.7252747252747253,3.0,4.603960396039604,1.6483516483516483,2.0,6.198895027624309
Sporting Gijón,Atlético Madrid,1.4725274725274726,3.0,5.52906976744186,0.978021978021978,2.0,4.368131868131868
Real Betis,Málaga,1.445054945054945,2.0,4.512711864406779,1.6538461538461537,2.0,6.588235294117647
Sevilla,Villarreal,1.39010989010989,2.0,5.2465753424657535,1.5128205128205128,2.0,6.065934065934066
Levante UD,Valencia,1.456043956043956,2.0,6.206896551724138,1.401098901098901,2.0,4.647887323943662
Rayo Vallecano,Eibar,1.3516483516483517,2.0,5.136125654450262,0.9560439560439561,3.0,4.482352941176471
Atlético Madrid,RC Deportivo La Coruña,1.4120879120879122,2.0,5.696629213483146,1.4615384615384615,2.0,4.176211453744493
Celta Vigo,Real Sociedad,0.8681318681318682,2.0,4.341463414634147,1.5934065934065933,2.0,6.1875
Málaga,Sporting Gijón,1.4395604395604396,2.0,6.133333333333334,1.4120879120879122,2.0,5.183098591549296
Espanyol,Rayo Vallecano,0.8571428571428571,2.0,3.6342857142857143,1.6153846153846154,2.0,5.443037974683544
Valencia,Atlético Madrid,1.335164835164835,2.0,5.311224489795919,1.5384615384615385,2.0,5.944099378881988
Real Betis,Granada,0.9945054945054945,2.0,3.9047619047619047,1.1923076923076923,2.0,4.319444444444445
Real Sociedad,Levante UD,1.7179487179487178,2.0,5.822660098522167,1.054945054945055,2.0,4.719298245614035
Sporting Gijón,Athletic Club,1.521978021978022,2.0,7.092485549132948,1.7692307692307692,2.0,6.0473684210526315
RC Deportivo La Coruña,Málaga,1.401098901098901,2.0,5.1891891891891895,1.3186813186813187,2.0,4.844036697247707
Getafe,Sevilla,1.0824175824175823,3.0,4.796178343949045,1.0934065934065933,2.0,4.515151515151516
Villarreal,Las Palmas,1.9505494505494505,2.0,6.6231884057971016,1.5384615384615385,,6.317647058823529
Atlético Madrid,Villarreal,1.7472527472527473,2.0,6.838709677419355,1.2912087912087913,2.0,5.22289156626506
Granada,Valencia,1.6483516483516483,2.0,6.271428571428571,1.3131868131868132,2.0,5.64
Real Madrid,Espanyol,2.0384615384615383,2.0,8.236994219653178,1.1318681318681318,2.0,4.629441624365482
Athletic Club,Sporting Gijón,1.4725274725274726,2.0,6.261627906976744,1.4175824175824177,2.0,4.844444444444444
Granada,Sporting Gijón,1.4175824175824177,2.0,4.819905213270142,1.6282051282051282,2.0,6.377358490566038
Celta Vigo,Villarreal,2.0961538461538463,2.0,6.9375,0.9835164835164835,2.0,4.568627450980392
Sevilla,Eibar,1.3076923076923077,2.0,6.203703703703703,1.7954545454545454,2.0,6.86
Málaga,Valencia,1.2692307692307692,2.0,4.828326180257511,1.5054945054945055,3.0,6.639344262295082
Athletic Club,RC Deportivo La Coruña,1.434065934065934,2.0,5.897142857142857,1.3681318681318682,2.0,5.290909090909091
Levante UD,Real Madrid,1.3296703296703296,2.0,5.117647058823529,1.598901098901099,2.0,5.986547085201794
Las Palmas,Getafe,1.4395604395604396,2.0,4.896373056994818,1.2252747252747254,2.0,4.6875
Atlético Madrid,Real Sociedad,1.7362637362637363,2.0,5.726086956521739,1.5384615384615385,2.0,5.682819383259912
Valencia,Athletic Club,1.478021978021978,2.0,5.897142857142857,1.3846153846153846,2.0,5.42713567839196
RC Deportivo La Coruña,Granada,1.8076923076923077,2.0,6.276497695852535,0.9487179487179487,2.0,4.524590163934426
Villarreal,Levante UD,1.554945054945055,2.0,5.870270270270271,1.4285714285714286,2.0,5.577272727272727
Getafe,Celta Vigo,1.10989010989011,2.0,4.477611940298507,0.9835164835164835,3.0,4.705479452054795
Real Betis,Rayo Vallecano,0.8846153846153846,2.0,3.8875739644970415,1.1483516483516483,2.0,4.9125
Sporting Gijón,Espanyol,1.2637362637362637,2.0,6.181208053691275,1.2362637362637363,2.0,5.6688311688311686
Real Madrid,Atlético Madrid,2.065934065934066,2.0,6.159183673469387,0.9935897435897436,3.0,5.146788990825688
Real Sociedad,Málaga,1.6282051282051282,2.0,5.075675675675676,1.043956043956044,2.0,5.702290076335878
Eibar,Las Palmas,1.2362637362637363,2.0,4.7360406091370555,1.2582417582417582,2.0,5.318181818181818
Rayo Vallecano,Sevilla,1.2637362637362637,2.0,4.884955752212389,0.7472527472527473,2.0,3.5
Málaga,Real Madrid,0.8571428571428571,2.0,4.401315789473684,1.9294871794871795,2.0,5.6415929203539825
Athletic Club,Real Sociedad,1.3736263736263736,2.0,5.368421052631579,1.0934065934065933,3.0,4.541666666666667
Espanyol,RC Deportivo La Coruña,0.989010989010989,3.0,5.114754098360656,1.6593406593406594,2.0,5.49609375
Celta Vigo,Eibar,1.4945054945054945,3.0,6.971830985915493,0.8296703296703297,2.0,3.7453416149068324
Eibar,Levante UD,1.1666666666666667,2.0,5.232,1.3406593406593406,2.0,5.031390134529148
Sevilla,Las Palmas,1.379120879120879,2.0,4.980295566502463,1.2472527472527473,2.0,5.071823204419889
Real Sociedad,Granada,1.0879120879120878,2.0,4.321428571428571,1.2032967032967032,2.0,4.683257918552036
Villarreal,Málaga,1.3846153846153846,2.0,4.657458563535911,1.3241758241758241,3.0,4.911504424778761
Real Madrid,Athletic Club,1.8461538461538463,2.0,6.605769230769231,1.1538461538461537,2.0,4.637931034482759
Sporting Gijón,Rayo Vallecano,0.967032967032967,2.0,4.379310344827586,1.6318681318681318,2.0,5.940886699507389
Valencia,Rayo Vallecano,1.2857142857142858,2.0,5.246753246753247,1.3296703296703296,2.0,5.005347593582887
Las Palmas,Málaga,1.5879120879120878,2.0,5.883977900552487,1.2307692307692308,2.0,5.639240506329114
Sporting Gijón,Las Palmas,1.120879120879121,3.0,5.303571428571429,1.5934065934065933,2.0,6.303191489361702
Eibar,Real Madrid,0.9065934065934066,2.0,3.859872611464968,1.7252747252747254,2.0,6.137055837563452
Real Madrid,Las Palmas,1.7747252747252746,2.0,6.78125,1.4835164835164836,2.0,5.904255319148936
RC Deportivo La Coruña,Atlético Madrid,1.7243589743589745,2.0,6.637931034482759,1.8296703296703296,2.0,6.608294930875576
Atlético Madrid,Valencia,1.4120879120879122,2.0,5.673267326732673,1.3736263736263736,2.0,5.286486486486487
Granada,RC Deportivo La Coruña,1.1923076923076923,2.0,4.696969696969697,1.2628205128205128,2.0,4.74251497005988
Getafe,Levante UD,1.3571428571428572,3.0,4.947643979057592,1.1813186813186813,2.0,5.516666666666667
Villarreal,Atlético Madrid,1.510989010989011,2.0,5.427835051546392,1.5494505494505495,2.0,4.9868421052631575
Villarreal,Athletic Club,1.0824175824175823,2.0,4.547872340425532,1.3241758241758241,2.0,4.373333333333333
Sevilla,Atlético Madrid,1.5164835164835164,2.0,5.361111111111111,1.0604395604395604,2.0,4.569767441860465
Real Madrid,Real Betis,1.9835164835164836,2.0,6.448818897637795,0.9395604395604396,2.0,4.105263157894737
Getafe,Atlético Madrid,1.6703296703296704,2.0,6.972972972972973,1.3131868131868132,2.0,5.01015228426396
Valencia,Espanyol,1.1428571428571428,2.0,4.517241379310345,0.7967032967032966,3.0,4.336134453781512
RC Deportivo La Coruña,Real Betis,1.2747252747252746,2.0,4.486486486486487,0.9615384615384616,2.0,4.100719424460432
Espanyol,Real Sociedad,1.6978021978021978,2.0,5.338403041825095,0.9835164835164835,2.0,4.245614035087719
Celta Vigo,Athletic Club,1.7692307692307692,3.0,7.85,1.10989010989011,2.0,4.858895705521473
Getafe,RC Deportivo La Coruña,1.2857142857142858,2.0,4.780373831775701,1.5192307692307692,2.0,4.995348837209303
Levante UD,Málaga,0.8956043956043956,2.0,3.857142857142857,1.3626373626373627,2.0,5.372727272727273
Las Palmas,Granada,1.60989010989011,2.0,5.5514018691588785,0.9725274725274725,2.0,3.9123711340206184
Eibar,Sporting Gijón,1.043956043956044,2.0,4.587209302325581,0.8846153846153846,2.0,4.072847682119205
Rayo Vallecano,Atlético Madrid,1.3076923076923077,3.0,5.601063829787234,0.9340659340659341,2.0,4.104477611940299
Athletic Club,Levante UD,1.4835164835164836,2.0,6.913043478260869,1.2417582417582418,2.0,4.897058823529412
Real Madrid,Rayo Vallecano,1.445054945054945,2.0,6.08955223880597,1.521978021978022,2.0,6.745341614906832
Málaga,Atlético Madrid,1.7142857142857142,2.0,7.331550802139038,1.3012820512820513,2.0,5.027027027027027
Real Sociedad,Villarreal,1.7912087912087913,2.0,6.50261780104712,1.2857142857142858,2.0,5.339285714285714
Granada,Celta Vigo,1.2637362637362637,2.0,5.029411764705882,1.5,2.0,6.080536912751678
Espanyol,Las Palmas,1.2637362637362637,2.0,5.719298245614035,1.3131868131868132,2.0,4.569620253164557
Real Betis,Sevilla,0.9395604395604396,3.0,4.311258278145695,1.1318681318681318,2.0,4.567839195979899
Valencia,Getafe,1.5,2.0,6.3791208791208796,0.9725274725274725,2.0,3.881516587677725
RC Deportivo La Coruña,Eibar,1.6666666666666667,2.0,6.6118421052631575,1.2032967032967032,2.0,5.203389830508475
Eibar,Valencia,1.164835164835165,3.0,5.691780821917808,1.1813186813186813,2.0,5.696428571428571
Atlético Madrid,Athletic Club,1.2912087912087913,2.0,5.880681818181818,1.6043956043956045,2.0,5.857142857142857
Rayo Vallecano,Málaga,1.0879120879120878,2.0,4.883720930232558,1.0384615384615385,2.0,4.5473684210526315
Villarreal,Real Madrid,1.0512820512820513,3.0,5.054054054054054,1.8956043956043955,2.0,7.335164835164835
Celta Vigo,Espanyol,1.1868131868131868,3.0,5.5,1.3296703296703296,2.0,4.506024096385542
Las Palmas,Real Betis,1.554945054945055,2.0,6.48,0.8021978021978022,2.0,3.9139072847682117
Sevilla,Sporting Gijón,1.89010989010989,2.0,6.945652173913044,0.945054945054945,2.0,4.02906976744186
Levante UD,Granada,1.3571428571428572,2.0,5.443298969072165,1.4230769230769231,2.0,5.924623115577889
Getafe,Real Sociedad,1.021978021978022,2.0,3.8289473684210527,1.5,2.0,6.421348314606742
Espanyol,Levante UD,1.5705128205128205,2.0,5.056701030927835,1.2857142857142858,2.0,5.005347593582887
Real Sociedad,Eibar,1.4835164835164836,2.0,6.18848167539267,1.0192307692307692,2.0,4.394366197183099
Athletic Club,Málaga,1.2756410256410255,2.0,5.280821917808219,1.3681318681318682,2.0,5.368421052631579
Villarreal,Rayo Vallecano,1.1318681318681318,2.0,5.107142857142857,1.164835164835165,2.0,4.815384615384615
Real Madrid,Getafe,2.0164835164835164,2.0,8.228070175438596,1.3021978021978022,2.0,4.768115942028985
Granada,Atlético Madrid,1.335164835164835,2.0,6.482142857142857,1.7820512820512822,2.0,5.939698492462312
RC Deportivo La Coruña,Sevilla,1.065934065934066,2.0,4.298969072164948,1.5879120879120878,2.0,6.2521008403361344
Sevilla,Valencia,1.5604395604395604,2.0,5.765853658536585,1.0,2.0,4.090909090909091
Rayo Vallecano,Athletic Club,1.598901098901099,2.0,6.079847908745247,0.9615384615384616,3.0,4.2180451127819545
Getafe,Villarreal,0.8901098901098901,2.0,4.191489361702128,1.3681318681318682,2.0,5.579439252336448
Atlético Madrid,Espanyol,1.3956043956043955,2.0,5.1201923076923075,1.445054945054945,2.0,5.520618556701031
Las Palmas,RC Deportivo La Coruña,1.8406593406593406,2.0,6.449275362318841,1.1483516483516483,2.0,5.169491525423729
Celta Vigo,Sporting Gijón,1.8186813186813187,2.0,7.196531791907514,1.1263736263736264,2.0,5.078313253012048
Málaga,Granada,1.120879120879121,2.0,4.586206896551724,1.2472527472527473,2.0,4.995073891625616
Levante UD,Real Betis,1.39010989010989,2.0,5.802030456852792,1.2179487179487178,2.0,4.305882352941176
Getafe,Rayo Vallecano,0.9230769230769231,2.0,3.761421319796954,1.4615384615384615,2.0,5.788944723618091
Sporting Gijón,Levante UD,1.554945054945055,2.0,5.822727272727272,1.2802197802197801,2.0,5.4674556213017755
Real Betis,Atlético Madrid,1.3956043956043955,2.0,5.314655172413793,1.6978021978021978,2.0,6.3
Granada,Athletic Club,0.9120879120879121,2.0,4.333333333333333,1.4615384615384615,2.0,5.518134715025907
Villarreal,Eibar,1.4065934065934067,2.0,4.917391304347826,0.7967032967032966,2.0,4.062992125984252
Real Sociedad,Sevilla,1.7628205128205128,2.0,5.860103626943006,1.0,2.0,3.717391304347826
RC Deportivo La Coruña,Celta Vigo,0.9835164835164835,2.0,4.1657142857142855,1.6153846153846154,2.0,5.316666666666666
Valencia,Las Palmas,1.2527472527472527,2.0,4.972602739726027,1.7802197802197801,2.0,6.510309278350515
Espanyol,Málaga,0.9065934065934066,2.0,4.4411764705882355,1.379120879120879,2.0,5.840425531914893
Athletic Club,Espanyol,1.0164835164835164,2.0,4.461038961038961,1.2142857142857142,3.0,5.5125
Atlético Madrid,Sporting Gijón,1.9175824175824177,2.0,6.457399103139013,1.032967032967033,2.0,4.189944134078212
Barcelona,Villarreal,2.2243589743589745,2.0,7.433962264150943,1.1987179487179487,2.0,4.643312101910828
Sevilla,Real Madrid,1.3461538461538463,2.0,4.691943127962086,1.6373626373626373,2.0,6.412322274881516
Levante UD,RC Deportivo La Coruña,1.565934065934066,2.0,5.776315789473684,1.2307692307692308,2.0,5.237569060773481
Málaga,Real Betis,1.489010989010989,2.0,6.8138297872340425,1.0274725274725274,2.0,4.607734806629834
Las Palmas,Real Sociedad,1.2967032967032968,2.0,4.542857142857143,1.532967032967033,2.0,5.7032967032967035
Valencia,Málaga,1.2197802197802199,2.0,4.915254237288136,1.2252747252747254,2.0,5.77456647398844
Real Betis,Espanyol,1.1923076923076923,2.0,4.704142011834319,0.9615384615384616,2.0,4.318471337579618
Málaga,Real Sociedad,1.1153846153846154,3.0,5.64375,1.6703296703296704,2.0,6.359504132231405
Eibar,Celta Vigo,1.0714285714285714,3.0,4.627450980392157,1.8296703296703296,2.0,5.464730290456432
Rayo Vallecano,Sporting Gijón,1.510989010989011,2.0,5.451063829787234,0.8186813186813187,2.0,3.836734693877551
Getafe,Valencia,0.9560439560439561,2.0,4.116788321167883,1.4230769230769231,2.0,5.478260869565218
Las Palmas,Sporting Gijón,1.5494505494505495,2.0,6.033333333333333,1.098901098901099,2.0,4.450704225352113
Valencia,Levante UD,1.2527472527472527,2.0,4.864077669902913,0.8626373626373627,2.0,3.611464968152866
Barcelona,Eibar,1.9230769230769231,2.0,5.403061224489796,1.0494505494505495,2.0,4.303738317757009
Getafe,Las Palmas,1.2032967032967032,2.0,4.8542713567839195,1.6483516483516483,2.0,5.422535211267606
Levante UD,Villarreal,1.1758241758241759,2.0,4.004587155963303,1.3956043956043955,2.0,5.043243243243243
Las Palmas,Eibar,1.6813186813186813,2.0,5.672727272727273,0.989010989010989,2.0,4.877551020408164
RC Deportivo La Coruña,Espanyol,1.2032967032967032,2.0,4.271889400921659,1.4065934065934067,2.0,4.606194690265487
Real Sociedad,Athletic Club,0.967032967032967,2.0,4.261363636363637,1.6758241758241759,2.0,7.054945054945055
Atlético Madrid,Getafe,1.3681318681318682,2.0,4.492307692307692,1.3296703296703296,2.0,5.6645962732919255
Granada,Villarreal,1.0879120879120878,2.0,4.102941176470588,1.1153846153846154,2.0,4.771929824561403
Granada,Eibar,1.3461538461538463,2.0,5.9079754601226995,0.9615384615384616,2.0,3.9516129032258065
Málaga,Sevilla,1.2417582417582418,2.0,5.664893617021277,0.9725274725274725,2.0,3.685279187817259
Eibar,Real Betis,1.8076923076923077,2.0,5.190697674418605,1.314102564102564,2.0,5.254658385093168
Real Madrid,Valencia,1.6043956043956045,2.0,6.888888888888889,1.8021978021978022,2.0,7.004405286343612
Celta Vigo,RC Deportivo La Coruña,1.8974358974358974,2.0,7.1625,0.9725274725274725,2.0,4.585714285714285
Real Madrid,Villarreal,1.967032967032967,3.0,6.676923076923077,1.4120879120879122,2.0,5.287128712871287
Granada,Real Sociedad,1.164835164835165,2.0,4.5073891625615765,1.1978021978021978,2.0,4.325581395348837
Rayo Vallecano,Real Madrid,1.1373626373626373,2.0,4.608247422680412,1.8956043956043955,2.0,6.679245283018868
Rayo Vallecano,Getafe,1.1318681318681318,3.0,5.162790697674419,0.8626373626373627,2.0,3.8241758241758244
Granada,Espanyol,1.2121212121212122,2.0,4.523076923076923,1.7179487179487178,2.0,6.3053892215568865
RC Deportivo La Coruña,Levante UD,1.4725274725274726,3.0,5.318840579710145,1.3186813186813187,2.0,5.642857142857143
Las Palmas,Real Madrid,1.4120879120879122,2.0,5.788043478260869,1.6153846153846154,2.0,5.86
Atlético Madrid,Rayo Vallecano,1.0494505494505495,2.0,4.0042918454935625,1.4725274725274726,2.0,5.333333333333333
Athletic Club,Granada,1.379120879120879,2.0,5.223529411764706,1.2087912087912087,2.0,5.170588235294118
Sevilla,Getafe,1.3681318681318682,2.0,4.5,1.032967032967033,2.0,4.251533742331288
Valencia,Villarreal,1.554945054945055,2.0,6.224598930481283,1.5,2.0,5.614973262032086
Atlético Madrid,Real Betis,1.4065934065934067,2.0,5.494565217391305,1.3571428571428572,2.0,4.648648648648648
Athletic Club,Celta Vigo,1.401098901098901,2.0,5.592233009708738,1.0714285714285714,2.0,4.734939759036145
Celta Vigo,Granada,1.6868131868131868,3.0,7.592178770949721,0.9505494505494505,2.0,4.122905027932961
Las Palmas,Athletic Club,1.6813186813186813,2.0,5.831775700934579,1.120879120879121,2.0,4.285714285714286
Getafe,Sporting Gijón,1.0879120879120878,2.0,4.393805309734513,0.8296703296703297,2.0,4.7272727272727275
Real Sociedad,Real Madrid,1.2087912087912087,2.0,5.211538461538462,1.75,2.0,6.572254335260116
Espanyol,Celta Vigo,1.521978021978022,2.0,5.53170731707317,2.5,2.0,7.239130434782608
Real Sociedad,Rayo Vallecano,0.8571428571428571,2.0,4.190839694656488,1.4725274725274726,2.0,5.695431472081219
Granada,Las Palmas,0.989010989010989,,4.744565217391305,1.620879120879121,2.0,6.03030303030303
Real Madrid,Eibar,1.510989010989011,2.0,5.6716417910447765,0.9120879120879121,2.0,3.721311475409836
Sporting Gijón,Eibar,1.1868131868131868,2.0,6.613138686131387,1.3241758241758241,2.0,4.894736842105263
Sevilla,Granada,1.3461538461538463,2.0,5.7272727272727275,0.989010989010989,2.0,5.565217391304348
Villarreal,RC Deportivo La Coruña,1.6978021978021978,2.0,5.963855421686747,1.0164835164835164,3.0,4.895705521472393
Celta Vigo,Málaga,1.510989010989011,2.0,5.9375,1.3681318681318682,2.0,5.954081632653061
Espanyol,Sevilla,0.989010989010989,2.0,4.562874251497006,1.3681318681318682,2.0,5.442477876106195
Athletic Club,Real Betis,1.5,2.0,4.58364312267658,1.6373626373626373,2.0,5.544303797468355
Real Madrid,Celta Vigo,1.6428571428571428,2.0,6.827102803738318,1.3461538461538463,2.0,5.327102803738318
Espanyol,Real Betis,1.2857142857142858,2.0,5.701492537313433,1.054945054945055,2.0,4.2
Real Betis,Celta Vigo,1.2912087912087913,2.0,4.348837209302325,0.8626373626373627,2.0,4.012987012987013
Rayo Vallecano,Granada,1.1318681318681318,2.0,4.810975609756097,1.2527472527472527,2.0,5.197860962566845
Celta Vigo,Valencia,1.3241758241758241,2.0,5.359550561797753,0.9725274725274725,2.0,4.459016393442623
Eibar,Getafe,1.0,2.0,4.236363636363636,1.3406593406593406,2.0,4.811881188118812
Espanyol,Granada,1.2179487179487178,2.0,4.709302325581396,1.0384615384615385,2.0,4.2272727272727275
Real Betis,Athletic Club,1.1483516483516483,2.0,4.340101522842639,1.3571428571428572,2.0,5.494736842105263
Sporting Gijón,Málaga,1.1428571428571428,2.0,4.565217391304348,1.6153846153846154,2.0,5.974137931034483
Eibar,Rayo Vallecano,0.989010989010989,3.0,4.115183246073299,1.489010989010989,2.0,5.73
Celta Vigo,Sevilla,2.2948717948717947,2.0,7.84020618556701,0.7417582417582418,2.0,3.4680851063829787
Real Betis,Valencia,0.9065934065934066,2.0,4.462809917355372,1.0274725274725274,2.0,4.5636363636363635
Granada,Real Madrid,1.2142857142857142,2.0,5.644970414201183,1.9395604395604396,2.0,6.530232558139535
Atlético Madrid,Eibar,1.3186813186813187,2.0,4.816901408450704,0.9010989010989011,3.0,4.336134453781512
Rayo Vallecano,Las Palmas,1.2692307692307692,2.0,4.456730769230769,1.3736263736263736,2.0,4.903846153846154
Athletic Club,Villarreal,1.6703296703296704,2.0,5.034334763948498,1.2142857142857142,2.0,4.8352941176470585
Sporting Gijón,RC Deportivo La Coruña,1.1868131868131868,2.0,5.033898305084746,1.3461538461538463,2.0,4.636363636363637
Málaga,Getafe,1.2692307692307692,2.0,5.246511627906977,1.4945054945054945,2.0,4.96875
RC Deportivo La Coruña,Rayo Vallecano,1.6590909090909092,2.0,5.403846153846154,1.032967032967033,2.0,3.917098445595855
Sevilla,Levante UD,1.2527472527472527,2.0,5.293193717277487,1.6373626373626373,2.0,6.0
Valencia,Sporting Gijón,1.5164835164835164,2.0,5.038961038961039,1.0714285714285714,2.0,4.76
Las Palmas,Celta Vigo,1.4120879120879122,2.0,5.29045643153527,1.1263736263736264,2.0,4.75
Real Sociedad,Real Betis,1.3681318681318682,2.0,5.059459459459459,1.456043956043956,2.0,4.840336134453781
Eibar,Málaga,1.456043956043956,2.0,5.184210526315789,1.2087912087912087,2.0,5.011560693641618
Getafe,Athletic Club,1.2802197802197801,2.0,5.599078341013825,1.2252747252747254,2.0,4.731343283582089
Villarreal,Granada,1.434065934065934,2.0,5.775,1.2417582417582418,2.0,5.2052980132450335
Levante UD,Las Palmas,0.8021978021978022,2.0,4.31404958677686,2.019230769230769,2.0,6.701754385964913
Athletic Club,Eibar,1.445054945054945,2.0,4.969230769230769,1.1043956043956045,2.0,4.394594594594595
Atlético Madrid,Sevilla,1.6043956043956045,2.0,7.648148148148148,0.8956043956043956,2.0,4.089041095890411
RC Deportivo La Coruña,Valencia,1.2912087912087913,2.0,6.034883720930233,1.5,2.0,5.348936170212766
Real Betis,Real Madrid,1.065934065934066,2.0,4.203125,2.371794871794872,2.0,8.23469387755102
Rayo Vallecano,Celta Vigo,1.1538461538461537,2.0,5.025773195876289,1.0604395604395604,2.0,4.435483870967742
Espanyol,Villarreal,1.4615384615384615,2.0,4.99492385786802,1.6602564102564104,2.0,5.3076923076923075
Granada,Getafe,1.3296703296703296,2.0,5.642045454545454,1.2967032967032968,2.0,4.413223140495868
Sporting Gijón,Real Sociedad,1.0714285714285714,2.0,4.675977653631285,1.2802197802197801,2.0,4.220338983050848
Real Madrid,Sporting Gijón,2.2142857142857144,2.0,6.635593220338983,1.10989010989011,2.0,4.455
Las Palmas,Atlético Madrid,2.25,2.0,7.24468085106383,1.4294871794871795,2.0,5.748387096774193
Getafe,Espanyol,1.0384615384615385,2.0,4.241935483870968,2.0448717948717947,2.0,7.716577540106952
Real Sociedad,RC Deportivo La Coruña,2.0384615384615383,2.0,7.275,1.2884615384615385,2.0,4.881987577639752
Sevilla,Málaga,1.1978021978021978,2.0,4.483516483516484,1.1282051282051282,2.0,4.273584905660377
Celta Vigo,Levante UD,1.7032967032967032,,6.492957746478873,1.1813186813186813,2.0,4.918032786885246
Villarreal,Real Betis,1.7756410256410255,2.0,7.306451612903226,1.5769230769230769,2.0,5.62303664921466
Villarreal,Sporting Gijón,1.3021978021978022,2.0,5.707792207792208,1.4945054945054945,2.0,5.835
Celta Vigo,Atlético Madrid,1.6703296703296704,2.0,6.029411764705882,1.3571428571428572,2.0,5.184782608695652
Real Sociedad,Valencia,1.608974358974359,2.0,5.86624203821656,1.4285714285714286,2.0,5.375
Eibar,Espanyol,1.1318681318681318,2.0,4.369230769230769,1.9696969696969697,2.0,5.718232044198895
Levante UD,Rayo Vallecano,1.1483516483516483,2.0,3.9557522123893807,1.4285714285714286,2.0,5.47945205479452
Sevilla,Athletic Club,1.2142857142857142,3.0,5.851063829787234,1.401098901098901,2.0,6.191082802547771
Getafe,Real Betis,1.120879120879121,2.0,4.554216867469879,0.9945054945054945,2.0,4.451612903225806
Real Madrid,RC Deportivo La Coruña,1.7527472527472527,2.0,6.15929203539823,1.5164835164835164,2.0,5.748898678414097
Sporting Gijón,Getafe,1.0714285714285714,2.0,4.63125,1.3186813186813187,3.0,5.098159509202454
Rayo Vallecano,Real Sociedad,1.0934065934065933,2.0,4.333333333333333,1.2179487179487178,2.0,4.839285714285714
Athletic Club,Las Palmas,1.2307692307692308,2.0,4.815789473684211,1.7435897435897436,2.0,6.305732484076433
Real Betis,Eibar,1.5824175824175823,2.0,5.4186046511627906,0.9725274725274725,2.0,4.033112582781457
Granada,Sevilla,1.0384615384615385,3.0,4.753521126760563,1.3461538461538463,2.0,4.7952755905511815
RC Deportivo La Coruña,Villarreal,1.608974358974359,2.0,5.014705882352941,1.3296703296703296,2.0,5.035175879396985
Valencia,Real Madrid,1.3626373626373627,2.0,5.612359550561798,2.196969696969697,2.0,6.851851851851852
Málaga,Celta Vigo,1.2307692307692308,2.0,5.254143646408839,1.2582417582417582,2.0,4.982608695652174
Atlético Madrid,Levante UD,1.5,2.0,5.24,1.2197802197802199,2.0,5.044585987261146
Villarreal,Valencia,1.3406593406593406,2.0,4.97191011235955,1.1483516483516483,2.0,4.3578947368421055
Real Madrid,Real Sociedad,1.3846153846153846,2.0,5.9655172413793105,1.6318681318681318,2.0,5.8304347826086955
Sevilla,Espanyol,1.3021978021978022,2.0,4.6255506607929515,1.7692307692307692,2.0,6.735177865612648
Villarreal,Sevilla,1.1978021978021978,2.0,4.71875,1.2417582417582418,2.0,4.631067961165049
Getafe,Barcelona,0.978021978021978,2.0,4.153846153846154,2.5064102564102564,2.0,7.979381443298969
Real Sociedad,Celta Vigo,1.1043956043956045,2.0,4.183098591549296,1.4743589743589745,2.0,6.73943661971831
Levante UD,Real Sociedad,1.2307692307692308,2.0,4.426829268292683,1.1538461538461537,2.0,5.158536585365853
Las Palmas,Villarreal,1.6978021978021978,2.0,5.715,1.1538461538461537,2.0,4.833333333333333
Málaga,RC Deportivo La Coruña,1.3626373626373627,2.0,5.69620253164557,1.3736263736263736,2.0,4.65
Celta Vigo,Real Madrid,1.521978021978022,2.0,5.872727272727273,1.60989010989011,2.0,5.784688995215311
Granada,Real Betis,1.1263736263736264,2.0,4.446902654867257,1.5384615384615385,2.0,4.81549815498155
Rayo Vallecano,Espanyol,1.6593406593406594,2.0,5.160550458715596,0.8461538461538461,2.0,3.74
Sporting Gijón,Granada,1.5164835164835164,2.0,5.286290322580645,0.7857142857142857,2.0,4.018867924528302
Real Sociedad,Atlético Madrid,1.3571428571428572,2.0,5.3522727272727275,1.2527472527472527,3.0,5.8076923076923075
RC Deportivo La Coruña,Athletic Club,1.478021978021978,2.0,5.190697674418605,1.054945054945055,2.0,4.3618421052631575
Villarreal,Celta Vigo,1.021978021978022,2.0,4.183783783783784,1.8516483516483517,2.0,7.660377358490566
Barcelona,Rayo Vallecano,1.3626373626373627,2.0,4.885321100917431,1.9166666666666667,2.0,6.590909090909091
Real Madrid,Levante UD,1.7802197802197801,2.0,6.526595744680851,1.4175824175824177,2.0,4.819148936170213
Eibar,Sevilla,0.9230769230769231,2.0,4.72,1.1868131868131868,2.0,4.746835443037975
Athletic Club,Valencia,1.4505494505494505,2.0,6.392857142857143,1.3571428571428572,2.0,5.602209944751381
Atlético Madrid,Real Madrid,1.5274725274725274,2.0,4.885321100917431,1.8131868131868132,2.0,5.613333333333333
Rayo Vallecano,Real Betis,1.6703296703296704,2.0,5.25,0.9560439560439561,2.0,4.133333333333334
Sevilla,Barcelona,0.9175824175824175,2.0,4.829268292682927,1.8653846153846154,2.0,6.014218009478673
Espanyol,Sporting Gijón,1.6153846153846154,2.0,6.302884615384615,1.3571428571428572,2.0,5.449704142011834
Celta Vigo,Getafe,1.9679487179487178,2.0,7.411764705882353,0.7197802197802198,3.0,3.7261146496815285
Sporting Gijón,Real Betis,1.4725274725274726,2.0,5.6521739130434785,1.1813186813186813,3.0,4.8
Real Madrid,Málaga,2.8863636363636362,2.0,7.92,1.1346153846153846,2.0,4.696551724137931
Sevilla,Rayo Vallecano,1.2197802197802199,2.0,4.627118644067797,1.2747252747252746,3.0,5.1861702127659575
Valencia,Granada,0.9945054945054945,2.0,4.101063829787234,1.0384615384615385,2.0,4.209183673469388
Real Betis,RC Deportivo La Coruña,1.598901098901099,2.0,5.710843373493976,1.1978021978021978,2.0,4.5
Athletic Club,Real Madrid,1.39010989010989,2.0,5.9655172413793105,1.620879120879121,2.0,6.786885245901639
Málaga,Villarreal,1.3296703296703296,2.0,5.2272727272727275,1.0494505494505495,2.0,4.933734939759036
Espanyol,Valencia,1.2032967032967032,2.0,5.349397590361446,1.1923076923076923,2.0,4.882352941176471
Las Palmas,Rayo Vallecano,1.1813186813186813,2.0,4.394366197183099,1.1978021978021978,2.0,4.99492385786802
RC Deportivo La Coruña,Sporting Gijón,1.565934065934066,2.0,5.7631578947368425,1.1263736263736264,2.0,4.719298245614035
Sevilla,Celta Vigo,1.2362637362637363,2.0,4.9411764705882355,1.4615384615384615,2.0,6.190751445086705
Eibar,Atlético Madrid,1.3516483516483517,2.0,5.766666666666667,1.956043956043956,2.0,7.493087557603687
Real Sociedad,Espanyol,1.2637362637362637,2.0,5.213114754098361,1.3461538461538463,3.0,6.482758620689655
Valencia,Real Betis,1.565934065934066,2.0,6.0,0.8956043956043956,2.0,3.683333333333333
Real Madrid,Granada,2.0384615384615383,2.0,7.347222222222222,0.945054945054945,2.0,3.93
Getafe,Málaga,0.9120879120879121,2.0,4.101694915254237,1.379120879120879,2.0,5.810526315789474
Rayo Vallecano,RC Deportivo La Coruña,1.7637362637362637,2.0,6.180327868852459,1.0714285714285714,2.0,4.331460674157303
Athletic Club,Getafe,1.4230769230769231,2.0,5.295081967213115,1.0384615384615385,2.0,4.596059113300493
Málaga,Eibar,1.2747252747252746,2.0,5.16,1.0714285714285714,2.0,4.295081967213115
Celta Vigo,Las Palmas,2.2564102564102564,2.0,6.6947368421052635,0.8626373626373627,3.0,4.790697674418604
Sporting Gijón,Valencia,1.2197802197802199,2.0,4.751269035532995,1.6868131868131868,2.0,5.030973451327434
Real Betis,Real Sociedad,0.8461538461538461,2.0,4.006711409395973,1.3736263736263736,2.0,5.116822429906542
Espanyol,Real Madrid,1.532967032967033,2.0,5.256637168141593,1.3681318681318682,2.0,5.15625
Levante UD,Sevilla,1.3406593406593406,2.0,5.493975903614458,1.1758241758241759,2.0,4.420118343195266
Eibar,Athletic Club,1.2087912087912087,2.0,4.570680628272251,1.5824175824175823,2.0,5.2823529411764705
Getafe,Granada,1.1758241758241759,2.0,4.619469026548672,0.8901098901098901,2.0,4.282608695652174
Valencia,RC Deportivo La Coruña,1.3681318681318682,2.0,5.161137440758294,1.25,2.0,5.014285714285714
Las Palmas,Levante UD,1.6666666666666667,2.0,6.308219178082192,1.0064102564102564,2.0,3.8372093023255816
Celta Vigo,Rayo Vallecano,1.879120879120879,2.0,6.610169491525424,1.1263736263736264,2.0,5.352941176470588
Real Sociedad,Sporting Gijón,1.543956043956044,2.0,6.060301507537688,1.1428571428571428,2.0,4.5
Villarreal,Espanyol,1.3076923076923077,2.0,5.8125,1.1263736263736264,2.0,4.60248447204969
Levante UD,Celta Vigo,0.8846153846153846,3.0,4.666666666666667,2.1858974358974357,2.0,7.129032258064516
Real Betis,Villarreal,1.39010989010989,2.0,5.442857142857143,0.8296703296703297,2.0,3.8834355828220857
Sporting Gijón,Real Madrid,1.032967032967033,2.0,4.213872832369942,2.032967032967033,2.0,7.176211453744493
Rayo Vallecano,Valencia,1.5,2.0,5.366834170854271,0.989010989010989,2.0,4.0
Espanyol,Getafe,1.0054945054945055,2.0,4.363636363636363,1.467032967032967,2.0,5.246963562753036
RC Deportivo La Coruña,Real Sociedad,1.7243589743589745,2.0,5.391304347826087,1.4230769230769231,2.0,5.2075471698113205
Atlético Madrid,Las Palmas,1.8461538461538463,2.0,6.980769230769231,1.2857142857142858,2.0,4.420289855072464
Barcelona,Getafe,1.901098901098901,2.0,6.375,0.9945054945054945,2.0,4.324022346368715
Real Betis,Barcelona,0.7802197802197802,2.0,3.43125,2.0054945054945055,3.0,8.245283018867925
Barcelona,Real Madrid,2.7045454545454546,2.0,8.084745762711865,1.1666666666666667,2.0,4.836734693877551
RC Deportivo La Coruña,Barcelona,1.032967032967033,2.0,4.463414634146342,2.0384615384615383,2.0,5.373134328358209
Barcelona,Atlético Madrid,2.1858974358974357,2.0,5.595854922279793,0.8021978021978022,2.0,4.18705035971223
Rayo Vallecano,Barcelona,1.0384615384615385,2.0,4.169724770642202,1.6758241758241759,2.0,5.574898785425101
Barcelona,Sporting Gijón,1.8516483516483517,2.0,6.0473684210526315,0.9340659340659341,2.0,4.2827586206896555
Málaga,Barcelona,0.989010989010989,2.0,4.476683937823834,1.6483516483516483,2.0,6.666666666666667
Barcelona,Espanyol,1.6703296703296704,2.0,5.969849246231155,0.8846153846153846,2.0,3.6882352941176473
Barcelona,Las Palmas,1.7582417582417582,3.0,7.097560975609756,0.9945054945054945,2.0,3.5555555555555554
Barcelona,Málaga,2.0054945054945055,2.0,7.472049689440993,0.7857142857142857,2.0,4.1
Athletic Club,Barcelona,0.9395604395604396,2.0,4.228187919463087,2.0164835164835164,2.0,6.264705882352941
Valencia,Barcelona,0.8131868131868132,3.0,3.9193548387096775,3.2,2.0,8.053846153846154
Barcelona,RC Deportivo La Coruña,1.9285714285714286,2.0,6.854304635761589,1.065934065934066,2.0,4.737704918032787
Barcelona,Real Sociedad,1.5824175824175823,2.0,5.013698630136986,1.2362637362637363,2.0,5.280612244897959
Sporting Gijón,Barcelona,0.7527472527472527,3.0,3.774193548387097,2.4871794871794872,2.0,7.1875
Granada,Barcelona,0.8571428571428571,2.0,3.9928057553956835,1.5164835164835164,2.0,5.3895348837209305
Real Sociedad,Barcelona,0.7967032967032966,3.0,4.418181818181818,1.9835164835164836,2.0,6.878048780487805
Villarreal,Barcelona,1.0879120879120878,2.0,4.5423728813559325,2.2948717948717947,2.0,7.17
Espanyol,Barcelona,1.0064102564102564,2.0,4.307142857142857,2.4318181818181817,2.0,6.668478260869565
Barcelona,Athletic Club,2.142857142857143,2.0,7.535211267605634,0.7087912087912088,3.0,3.7435897435897436
Barcelona,Granada,2.1858974358974357,2.0,6.572164948453608,1.065934065934066,2.0,4.514851485148514
Eibar,Barcelona,1.120879120879121,2.0,4.664835164835165,2.2362637362637363,2.0,7.209424083769633
Barcelona,Real Betis,1.6428571428571428,2.0,5.455813953488372,1.0824175824175823,2.0,4.78
Atlético Madrid,Barcelona,0.945054945054945,2.0,4.402597402597403,2.391025641025641,2.0,6.400990099009901
Levante UD,Barcelona,0.9175824175824175,2.0,3.893258426966292,2.0256410256410255,2.0,6.568047337278107
Barcelona,Sevilla,1.967032967032967,2.0,6.2465753424657535,1.1923076923076923,2.0,3.953125
Real Madrid,Barcelona,1.6217948717948718,2.0,5.467980295566503,1.7747252747252746,2.0,5.653333333333333
Celta Vigo,Barcelona,1.0769230769230769,2.0,4.879518072289157,1.7115384615384615,2.0,5.7631578947368425
Las Palmas,Barcelona,1.5164835164835164,2.0,5.22972972972973,1.935897435897436,2.0,5.983425414364641
Barcelona,Levante UD,2.6515151515151514,2.0,7.437869822485207,0.9285714285714286,2.0,4.065789473684211
Barcelona,Celta Vigo,1.620879120879121,2.0,5.948275862068965,1.021978021978022,2.0,4.209424083769633
Barcelona,Valencia,3.1,2.0,9.563909774436091,0.9285714285714286,2.0,3.9578313253012047
Barcelona,Real Madrid,1.4175824175824177,2.0,5.696629213483146,1.4725274725274726,2.0,6.523255813953488
Barcelona,Sevilla,2.065934065934066,2.0,7.062200956937799,1.065934065934066,2.0,4.810055865921788
Málaga,Barcelona,0.7582417582417582,2.0,3.740506329113924,1.6153846153846154,2.0,5.9298245614035086
Barcelona,Getafe,2.1923076923076925,2.0,6.428571428571429,0.967032967032967,2.0,4.320754716981132
Barcelona,Granada,1.945054945054945,2.0,6.771428571428571,1.0054945054945055,2.0,4.023529411764706
Barcelona,Rayo Vallecano,1.5934065934065933,2.0,4.876494023904383,1.1703296703296704,2.0,4.771929824561403
Barcelona,RC Deportivo La Coruña,2.4835164835164836,2.0,9.013824884792626,0.7307692307692307,3.0,3.579310344827586
Getafe,Barcelona,0.6813186813186813,2.0,3.8529411764705883,2.087912087912088,2.0,7.123076923076923
Barcelona,Athletic Club,1.901098901098901,2.0,6.35,1.4230769230769231,2.0,4.797356828193832
Barcelona,Celta Vigo,1.891025641025641,2.0,5.6521739130434785,1.2243589743589745,2.0,4.259067357512953
Barcelona,Eibar,2.032967032967033,2.0,6.994818652849741,0.8626373626373627,2.0,3.893617021276596
Córdoba CF,Barcelona,0.7967032967032966,2.0,3.946308724832215,2.159340659340659,2.0,7.109589041095891
Barcelona,Almería,2.282051282051282,2.0,7.277511961722488,0.8626373626373627,2.0,3.911392405063291
Villarreal,Barcelona,0.8131868131868132,2.0,3.9316770186335406,1.9725274725274726,2.0,6.195348837209302
Real Madrid,Barcelona,1.379120879120879,2.0,5.832402234636872,1.7032967032967032,2.0,6.24901185770751
Rayo Vallecano,Barcelona,1.0384615384615385,2.0,3.962566844919786,1.489010989010989,2.0,5.220588235294118
Barcelona,Málaga,1.835164835164835,2.0,5.985576923076923,0.7527472527472527,2.0,4.054945054945055
Barcelona,Real Sociedad,1.6978021978021978,2.0,5.587982832618025,1.2115384615384615,2.0,4.605882352941176
Barcelona,Atlético Madrid,1.9807692307692308,3.0,7.48,0.967032967032967,2.0,4.337579617834395
Real Sociedad,Barcelona,1.0909090909090908,2.0,4.169491525423729,2.1153846153846154,2.0,7.428571428571429
Barcelona,Villarreal,2.0,2.0,6.935643564356436,0.9395604395604396,2.0,4.969465648854962
Elche,Barcelona,0.8571428571428571,2.0,3.9327731092436973,1.9065934065934067,2.0,6.771428571428571
Granada,Barcelona,0.8406593406593407,2.0,4.06,1.3736263736263736,2.0,4.597402597402597
Atlético Madrid,Barcelona,0.8021978021978022,2.0,4.460869565217391,2.032967032967033,2.0,6.549295774647887
Barcelona,Espanyol,2.456043956043956,2.0,8.495454545454546,0.7582417582417582,2.0,4.456310679611651
RC Deportivo La Coruña,Barcelona,1.0879120879120878,2.0,4.057471264367816,1.967032967032967,2.0,7.310344827586207
Barcelona,Valencia,1.945054945054945,2.0,6.219512195121951,1.043956043956044,2.0,4.969325153374233
Valencia,Barcelona,0.7912087912087912,2.0,4.166666666666667,1.9285714285714286,2.0,6.978947368421053
Barcelona,Córdoba CF,2.6153846153846154,2.0,7.728571428571429,0.8461538461538461,2.0,3.5714285714285716
Espanyol,Barcelona,0.8681318681318682,2.0,4.035087719298246,1.9945054945054945,2.0,6.966346153846154
Barcelona,Elche,2.28021978021978,2.0,6.84,1.0384615384615385,2.0,3.8656716417910446
Almería,Barcelona,0.8461538461538461,2.0,4.551724137931035,1.6758241758241759,2.0,5.183098591549296
Barcelona,Levante UD,2.4935897435897436,2.0,8.818181818181818,0.8131868131868132,2.0,3.8098159509202456
Athletic Club,Barcelona,1.021978021978022,,5.4125874125874125,2.412087912087912,2.0,7.373493975903615
Eibar,Barcelona,0.978021978021978,2.0,4.206896551724138,2.5961538461538463,2.0,8.487437185929648
Celta Vigo,Barcelona,1.065934065934066,2.0,4.428571428571429,1.4835164835164836,2.0,5.426470588235294
Levante UD,Barcelona,0.8516483516483516,2.0,3.75,2.2032967032967035,2.0,7.1422018348623855
Sevilla,Barcelona,1.0604395604395604,2.0,4.027624309392265,2.391025641025641,2.0,7.7227722772277225
Barcelona,Real Betis,1.956043956043956,2.0,8.85,0.967032967032967,2.0,4.131428571428572
Barcelona,Sevilla,1.9945054945054945,2.0,7.994318181818182,1.0494505494505495,2.0,4.033898305084746
Valencia,Barcelona,1.1373626373626373,2.0,4.033018867924528,2.1025641025641026,2.0,6.819587628865979
Rayo Vallecano,Barcelona,1.565934065934066,2.0,5.774336283185841,1.098901098901099,3.0,5.426229508196721
Barcelona,Málaga,2.197802197802198,2.0,7.824742268041237,1.010989010989011,2.0,4.4361702127659575
Granada,Barcelona,0.47435897435897434,2.0,3.2033898305084745,2.2884615384615383,2.0,7.292079207920792
Barcelona,Real Sociedad,2.340659340659341,2.0,7.757575757575758,1.1263736263736264,2.0,4.565853658536585
Villarreal,Barcelona,0.8461538461538461,2.0,3.9759036144578315,2.131868131868132,2.0,8.30232558139535
Barcelona,Almería,2.269230769230769,2.0,8.563953488372093,0.9395604395604396,2.0,4.116788321167883
Sevilla,Barcelona,1.1813186813186813,2.0,4.346153846153846,1.9065934065934067,2.0,6.801136363636363
Levante UD,Barcelona,0.8626373626373627,2.0,4.107954545454546,2.076923076923077,2.0,7.388059701492537
Barcelona,Osasuna,2.2472527472527473,2.0,7.350785340314136,0.9615384615384616,2.0,4.387096774193548
Barcelona,Athletic Club,1.6987179487179487,2.0,6.371134020618556,1.3186813186813187,2.0,5.384615384615385
Elche,Barcelona,0.8076923076923077,2.0,4.391304347826087,2.0,2.0,7.430463576158941
Barcelona,Celta Vigo,1.9230769230769231,2.0,6.182608695652174,1.1758241758241759,2.0,4.84
Barcelona,Real Madrid,1.4230769230769231,2.0,5.724137931034483,1.2637362637362637,2.0,4.58256880733945
Barcelona,Rayo Vallecano,1.9285714285714286,2.0,6.663316582914573,1.3846153846153846,2.0,5.311004784688995
Barcelona,Levante UD,2.10989010989011,2.0,8.123762376237623,0.7142857142857143,2.0,3.857142857142857
Barcelona,Espanyol,2.0934065934065935,3.0,8.4,0.9807692307692307,2.0,4.0
Espanyol,Barcelona,0.8791208791208791,2.0,4.128,1.967032967032967,2.0,6.968253968253968
Barcelona,Atlético Madrid,1.5824175824175823,2.0,5.1084905660377355,0.9835164835164835,2.0,4.386075949367089
Barcelona,Valencia,2.41025641025641,2.0,7.602094240837697,1.0769230769230769,3.0,5.341463414634147
Barcelona,Getafe,2.6538461538461537,2.0,8.756756756756756,0.8076923076923077,2.0,3.5531914893617023
Atlético Madrid,Barcelona,1.2884615384615385,2.0,5.218181818181818,2.1483516483516483,2.0,7.869109947643979
Real Madrid,Barcelona,1.065934065934066,3.0,5.354166666666667,2.25,2.0,8.105263157894736
Real Betis,Barcelona,1.2692307692307692,2.0,5.242990654205608,1.5769230769230769,2.0,5.308695652173913
Real Valladolid,Barcelona,0.8846153846153846,2.0,4.525,2.087912087912088,2.0,7.531914893617022
Real Sociedad,Barcelona,1.2307692307692308,3.0,4.93125,1.9935897435897436,2.0,6.27536231884058
Osasuna,Barcelona,0.8021978021978022,3.0,4.048780487804878,2.7948717948717947,2.0,9.197802197802197
Celta Vigo,Barcelona,1.2307692307692308,2.0,4.352941176470588,1.8296703296703296,2.0,6.158536585365853
Almería,Barcelona,1.054945054945055,2.0,4.180327868852459,2.21978021978022,3.0,8.941463414634146
Real Valladolid,Barcelona,1.2912087912087913,2.0,5.1017964071856285,2.208791208791209,2.0,10.221556886227544
Barcelona,Granada,2.230769230769231,2.0,7.608,0.7472527472527473,2.0,4.193181818181818
Barcelona,Real Betis,2.2252747252747254,2.0,7.2548076923076925,1.0164835164835164,2.0,4.176470588235294
Barcelona,Celta Vigo,2.6538461538461537,2.0,8.098522167487685,1.1978021978021978,2.0,5.553191489361702
Valencia,Barcelona,1.032967032967033,2.0,4.143646408839779,2.1483516483516483,2.0,8.130681818181818
Mallorca,Barcelona,0.8681318681318682,2.0,3.6496815286624202,2.6153846153846154,2.0,8.601895734597157
Real Madrid,Barcelona,1.0164835164835164,2.0,4.714285714285714,2.2252747252747254,2.0,7.033898305084746
RC Deportivo La Coruña,Barcelona,1.065934065934066,2.0,4.582978723404255,2.2252747252747254,2.0,7.976878612716763
Levante UD,Barcelona,0.7472527472527473,2.0,3.617021276595745,3.0934065934065935,2.0,9.167441860465116
Barcelona,Atlético Madrid,2.5384615384615383,2.0,9.05056179775281,0.967032967032967,2.0,4.167664670658683
Barcelona,Getafe,2.478021978021978,2.0,8.13586956521739,0.8901098901098901,2.0,3.9174757281553396
Barcelona,Espanyol,2.8241758241758244,2.0,10.141304347826088,0.8131868131868132,2.0,4.2105263157894735
Celta Vigo,Barcelona,0.9065934065934066,2.0,3.8958333333333335,2.0549450549450547,2.0,7.135514018691588
Barcelona,Real Sociedad,2.258241758241758,2.0,7.947368421052632,0.8791208791208791,2.0,3.912280701754386
Barcelona,Osasuna,2.4285714285714284,2.0,7.397435897435898,0.7417582417582418,2.0,3.7553956834532376
Barcelona,Athletic Club,2.0054945054945055,2.0,7.8133333333333335,1.5714285714285714,2.0,5.410958904109589
Rayo Vallecano,Barcelona,1.3076923076923077,2.0,5.335051546391752,1.6263736263736264,2.0,6.112676056338028
Real Sociedad,Barcelona,1.0714285714285714,2.0,4.729411764705882,2.6893939393939394,2.0,8.175824175824175
Atlético Madrid,Barcelona,1.2692307692307692,2.0,5.078313253012048,1.9230769230769231,2.0,6.313432835820896
Sevilla,Barcelona,0.8296703296703297,3.0,4.353982300884955,1.9945054945054945,2.0,7.561224489795919
Barcelona,Valencia,2.142857142857143,2.0,8.253731343283581,1.0934065934065933,2.0,5.258620689655173
Barcelona,Real Zaragoza,2.291208791208791,2.0,7.54054054054054,1.4120879120879122,2.0,5.397058823529412
Barcelona,Real Madrid,2.3974358974358974,2.0,7.225130890052356,1.0512820512820513,2.0,4.670886075949367
Real Betis,Barcelona,1.120879120879121,2.0,4.477832512315271,1.989010989010989,2.0,6.133928571428571
Barcelona,Rayo Vallecano,1.6813186813186813,2.0,5.2727272727272725,1.4835164835164836,2.0,6.593023255813954
Barcelona,RC Deportivo La Coruña,2.6153846153846154,2.0,8.583732057416269,1.2307692307692308,2.0,5.350877192982456
Málaga,Barcelona,1.4120879120879122,2.0,4.886075949367089,2.5641025641025643,2.0,7.654639175257732
Athletic Club,Barcelona,1.2857142857142858,2.0,5.036842105263158,1.7087912087912087,2.0,6.1875
Barcelona,Sevilla,2.1758241758241756,2.0,7.2784810126582276,1.1483516483516483,2.0,4.354838709677419
Granada,Barcelona,0.8956043956043956,2.0,3.865979381443299,2.2142857142857144,2.0,7.536231884057971
Osasuna,Barcelona,0.7417582417582418,2.0,3.588235294117647,1.7747252747252746,2.0,6.137055837563452
Getafe,Barcelona,0.989010989010989,2.0,3.9720670391061454,1.9230769230769231,2.0,7.647058823529412
Barcelona,Valencia,1.9285714285714286,2.0,7.716494845360825,1.0714285714285714,2.0,4.234375
Barcelona,Sevilla,2.39010989010989,2.0,8.017699115044248,0.9725274725274725,2.0,4.079365079365079
Real Zaragoza,Barcelona,0.6208791208791209,3.0,3.5757575757575757,1.835164835164835,2.0,6.65158371040724
Barcelona,Real Zaragoza,2.0274725274725274,2.0,6.987341772151899,0.9230769230769231,2.0,4.0701754385964914
Atlético Madrid,Barcelona,0.9871794871794872,2.0,4.2444444444444445,2.0164835164835164,3.0,8.220338983050848
Racing Santander,Barcelona,1.032967032967033,2.0,3.9908256880733943,2.318681318681319,2.0,9.174418604651162
Barcelona,Real Sociedad,2.131868131868132,2.0,9.097826086956522,1.0604395604395604,2.0,4.581818181818182
Barcelona,Rayo Vallecano,1.6318681318681318,2.0,5.698744769874477,1.0054945054945055,2.0,4.013698630136986
Málaga,Barcelona,0.989010989010989,2.0,3.8349056603773586,2.5274725274725274,2.0,8.703125
Athletic Club,Barcelona,1.1282051282051282,2.0,4.224489795918367,1.8131868131868132,2.0,7.635
Barcelona,Atlético Madrid,2.3736263736263736,2.0,9.309782608695652,1.2857142857142858,2.0,4.445454545454545
Mallorca,Barcelona,1.120879120879121,2.0,4.5344827586206895,1.8681318681318682,2.0,8.315217391304348
Barcelona,Real Madrid,1.8571428571428572,2.0,7.392265193370166,0.7417582417582418,4.0,4.339285714285714
Barcelona,Granada,2.3076923076923075,2.0,8.64622641509434,0.9285714285714286,2.0,4.137362637362638
Barcelona,Racing Santander,2.8736263736263736,2.0,8.698630136986301,0.7417582417582418,2.0,3.9461538461538463
Valencia,Barcelona,1.098901098901099,2.0,4.944827586206896,1.8296703296703296,2.0,5.98695652173913
Barcelona,Levante UD,2.1538461538461537,2.0,8.136125654450261,0.8791208791208791,2.0,4.3
Real Sociedad,Barcelona,0.9615384615384616,2.0,4.101694915254237,2.3736263736263736,2.0,8.039473684210526
Barcelona,Getafe,2.258241758241758,2.0,8.303867403314918,0.7967032967032966,3.0,3.823943661971831
Barcelona,Málaga,2.010989010989011,2.0,7.099476439790576,1.2142857142857142,2.0,4.683333333333334
Sporting Gijón,Barcelona,0.8910256410256411,2.0,3.9696969696969697,2.5384615384615383,2.0,8.694690265486726
Real Betis,Barcelona,1.1538461538461537,2.0,4.5625,1.835164835164835,2.0,7.043478260869565
Real Madrid,Barcelona,1.3406593406593406,2.0,4.845070422535211,1.967032967032967,3.0,8.5
Barcelona,Real Betis,2.230769230769231,2.0,9.115384615384615,1.0879120879120878,2.0,4.47
Getafe,Barcelona,0.8406593406593407,3.0,4.273972602739726,2.0934065934065935,2.0,6.814070351758794
Osasuna,Barcelona,0.9294871794871795,2.0,4.259541984732825,1.6153846153846154,2.0,6.231884057971015
Sevilla,Barcelona,1.39010989010989,2.0,4.816143497757848,1.8461538461538463,2.0,8.0
Barcelona,Villarreal,2.3846153846153846,2.0,7.904347826086957,0.945054945054945,2.0,4.072625698324022
Barcelona,Espanyol,1.9505494505494505,2.0,7.144186046511628,1.0824175824175823,2.0,4.085427135678392
Espanyol,Barcelona,1.1758241758241759,2.0,4.708133971291866,2.1538461538461537,2.0,6.770491803278689
Barcelona,Mallorca,2.241758241758242,2.0,7.544303797468355,1.0494505494505495,2.0,4.746031746031746
Granada,Barcelona,1.0128205128205128,2.0,4.0423728813559325,2.4065934065934065,2.0,8.385714285714286
Villarreal,Barcelona,1.1978021978021978,3.0,5.086956521739131,1.901098901098901,2.0,8.214659685863875
Barcelona,Osasuna,2.4725274725274726,2.0,7.9156626506024095,0.7142857142857143,2.0,3.75
Rayo Vallecano,Barcelona,0.6923076923076923,3.0,3.3181818181818183,1.7967032967032968,2.0,6.1
Levante UD,Barcelona,0.9340659340659341,2.0,4.1,2.043956043956044,2.0,7.864485981308412
Barcelona,Athletic Club,1.6318681318681318,2.0,5.553191489361702,1.335164835164835,2.0,4.748878923766816
Barcelona,Atlético Madrid,2.3846153846153846,3.0,8.983516483516484,1.043956043956044,2.0,4.578947368421052
Villarreal,Barcelona,1.1602564102564104,2.0,4.739130434782608,2.241758241758242,2.0,8.210526315789474
Osasuna,Barcelona,0.8901098901098901,2.0,3.841463414634146,2.142857142857143,2.0,9.24223602484472
Barcelona,Osasuna,2.032967032967033,2.0,5.801470588235294,0.9010989010989011,2.0,4.11377245508982
Barcelona,Almería,2.159340659340659,2.0,7.191588785046729,0.7912087912087912,2.0,3.8165680473372783
Barcelona,Málaga,2.3241758241758244,2.0,7.466666666666667,1.1043956043956045,2.0,4.446700507614213
Espanyol,Barcelona,1.1428571428571428,2.0,4.789237668161435,1.620879120879121,2.0,6.987577639751553
Barcelona,Racing Santander,2.5714285714285716,2.0,8.109756097560975,1.032967032967033,2.0,4.428571428571429
Getafe,Barcelona,1.0384615384615385,2.0,4.294736842105263,2.0054945054945055,3.0,6.66
Barcelona,Getafe,1.9945054945054945,2.0,7.287804878048781,0.8956043956043956,2.0,4.037735849056604
Real Madrid,Barcelona,0.8516483516483516,2.0,3.7058823529411766,2.241758241758242,2.0,8.324175824175825
Barcelona,Hércules,2.2252747252747254,2.0,6.822784810126582,0.8626373626373627,2.0,4.104
Hércules,Barcelona,0.9505494505494505,2.0,4.05,2.3846153846153846,2.0,9.07361963190184
Barcelona,Valencia,1.6043956043956045,2.0,6.490909090909091,1.2637362637362637,2.0,5.174157303370786
Atlético Madrid,Barcelona,1.0494505494505495,2.0,3.8055555555555554,2.121794871794872,2.0,7.658385093167702
Real Sociedad,Barcelona,0.6153846153846154,,3.5546218487394956,2.32967032967033,2.0,7.919354838709677
Barcelona,Real Sociedad,2.6868131868131866,2.0,9.014925373134329,0.8956043956043956,2.0,3.8813559322033897
Barcelona,Athletic Club,2.7371794871794872,2.0,10.151162790697674,0.8186813186813187,2.0,3.860294117647059
Valencia,Barcelona,1.2527472527472527,2.0,5.319018404907975,1.6483516483516483,2.0,6.471204188481676
Mallorca,Barcelona,0.8461538461538461,2.0,3.7017543859649122,2.39010989010989,2.0,8.46195652173913
RC Deportivo La Coruña,Barcelona,1.0,2.0,4.746835443037975,2.2857142857142856,2.0,7.5606060606060606
Racing Santander,Barcelona,1.0164835164835164,2.0,4.56,1.8461538461538463,2.0,6.542986425339366
Sevilla,Barcelona,0.9294871794871795,2.0,3.9423076923076925,2.3461538461538463,2.0,7.704918032786885
Barcelona,Mallorca,1.8186813186813187,2.0,6.442105263157894,0.8589743589743589,2.0,3.74
Barcelona,Espanyol,2.2527472527472527,2.0,8.317460317460318,0.967032967032967,2.0,4.067796610169491
Levante UD,Barcelona,0.8846153846153846,3.0,4.843373493975903,3.5128205128205128,2.0,13.23076923076923
Barcelona,Villarreal,1.9725274725274726,3.0,8.178571428571429,1.2142857142857142,2.0,5.51123595505618
Barcelona,Real Madrid,2.0384615384615383,3.0,8.63225806451613,1.3397435897435896,2.0,4.723076923076923
Barcelona,Real Zaragoza,2.4725274725274726,2.0,7.857142857142857,0.6043956043956044,2.0,3.66
Barcelona,Sevilla,1.9285714285714286,2.0,7.288043478260869,0.9285714285714286,2.0,3.872093023255814
Real Zaragoza,Barcelona,0.7472527472527473,3.0,3.943548387096774,2.0604395604395602,2.0,6.915929203539823
Almería,Barcelona,1.3454545454545455,2.0,4.100719424460432,2.576923076923077,2.0,6.876712328767123
Sporting Gijón,Barcelona,0.6428571428571429,2.0,3.9146341463414633,2.1648351648351647,2.0,7.403940886699507
Barcelona,Sevilla,1.945054945054945,2.0,6.769230769230769,0.9835164835164835,2.0,4.3584905660377355
Barcelona,Tenerife,2.3846153846153846,2.0,8.04,0.7417582417582418,,4.18348623853211
Sevilla,Barcelona,0.9835164835164835,2.0,4.254545454545455,2.1025641025641026,2.0,6.797872340425532
Barcelona,Osasuna,1.9120879120879122,2.0,6.175732217573222,0.8406593406593407,2.0,4.046052631578948
Barcelona,Real Zaragoza,2.456043956043956,2.0,8.76923076923077,0.9230769230769231,2.0,4.212328767123288
Villarreal,Barcelona,1.2252747252747254,2.0,4.786363636363636,1.8626373626373627,3.0,8.14792899408284
Osasuna,Barcelona,0.8901098901098901,2.0,4.341463414634147,2.076923076923077,2.0,6.629834254143646
Getafe,Barcelona,1.2747252747252746,2.0,5.015873015873016,1.5824175824175823,2.0,5.701421800947867
Tenerife,Barcelona,1.1153846153846154,3.0,4.872611464968153,1.7362637362637363,2.0,7.077348066298343
RC Deportivo La Coruña,Barcelona,0.7967032967032966,3.0,4.1484375,2.282051282051282,2.0,8.288461538461538
Barcelona,Mallorca,1.5879120879120878,2.0,5.432038834951456,0.7637362637362637,2.0,3.801242236024845
Barcelona,Real Valladolid,1.8076923076923077,2.0,8.127659574468085,0.8956043956043956,2.0,3.611111111111111
Barcelona,Almería,2.0,2.0,6.28,0.9120879120879121,2.0,4.560975609756097
Mallorca,Barcelona,0.9835164835164835,2.0,4.097560975609756,1.6868131868131868,2.0,5.6716417910447765
Real Madrid,Barcelona,1.3516483516483517,2.0,5.338461538461538,1.6730769230769231,2.0,5.565217391304348
Barcelona,Valencia,1.5824175824175823,3.0,6.247252747252747,1.1318681318681318,2.0,4.365
Real Valladolid,Barcelona,1.1318681318681318,2.0,4.521531100478469,1.9395604395604396,2.0,6.892682926829268
Sporting Gijón,Barcelona,0.9340659340659341,2.0,4.02906976744186,3.4727272727272727,2.0,10.575539568345324
Atlético Madrid,Barcelona,1.0879120879120878,3.0,4.547770700636943,1.7802197802197801,3.0,7.0864864864864865
Almería,Barcelona,0.8076923076923077,3.0,4.074324324324325,2.5454545454545454,2.0,6.641618497109826
Valencia,Barcelona,1.4294871794871795,3.0,4.906077348066298,2.019230769230769,2.0,6.705882352941177
Málaga,Barcelona,0.8681318681318682,2.0,3.617142857142857,1.7032967032967032,2.0,5.680555555555555
Barcelona,Xerez,1.7967032967032968,2.0,6.830508474576271,0.7967032967032966,3.0,3.5416666666666665
Barcelona,Real Madrid,2.0064102564102564,2.0,6.745562130177515,1.6025641025641026,2.0,6.649122807017544
Barcelona,Getafe,1.4505494505494505,3.0,6.017441860465116,1.3736263736263736,2.0,4.857142857142857
Barcelona,Racing Santander,1.9230769230769231,2.0,7.436842105263158,1.0384615384615385,2.0,4.3563829787234045
Espanyol,Barcelona,0.9551282051282052,2.0,4.3061224489795915,1.5384615384615385,2.0,6.175531914893617
Barcelona,Málaga,2.8333333333333335,2.0,8.701754385964913,0.8516483516483516,2.0,4.395348837209302
Xerez,Barcelona,0.8910256410256411,2.0,3.664772727272727,1.7417582417582418,2.0,6.627551020408164
Athletic Club,Barcelona,0.9725274725274725,2.0,4.563380281690141,2.0064102564102564,2.0,7.508875739644971
Racing Santander,Barcelona,1.0274725274725274,2.0,3.8842105263157896,2.098901098901099,2.0,6.4975609756097565
Barcelona,Atlético Madrid,1.598901098901099,2.0,5.2956521739130435,1.2582417582417582,2.0,4.411016949152542
Real Zaragoza,Barcelona,1.0604395604395604,2.0,4.34375,1.4725274725274726,2.0,5.768115942028985
Barcelona,Athletic Club,1.8681318681318682,2.0,6.291666666666667,0.9560439560439561,2.0,3.8780487804878048
Barcelona,RC Deportivo La Coruña,2.32967032967033,2.0,8.067961165048544,1.010989010989011,2.0,3.8967391304347827
Barcelona,Real Madrid,1.8076923076923077,2.0,6.4941176470588236,0.9835164835164835,2.0,4.285714285714286
Barcelona,Atlético Madrid,1.7307692307692308,2.0,6.140186915887851,1.2582417582417582,2.0,4.399209486166008
Málaga,Barcelona,0.9340659340659341,2.0,4.254545454545455,0.989010989010989,2.0,3.8852459016393444
Barcelona,Almería,1.7912087912087913,2.0,6.219827586206897,0.9395604395604396,2.0,4.58
Barcelona,Athletic Club,2.0384615384615383,2.0,7.40625,1.0494505494505495,2.0,3.916256157635468
Racing Santander,Barcelona,0.989010989010989,2.0,4.347305389221557,2.173076923076923,2.0,7.751552795031056
Barcelona,Sporting Gijón,2.0549450549450547,2.0,6.988636363636363,0.8296703296703297,2.0,4.338461538461538
Barcelona,Villarreal,1.5054945054945055,3.0,6.021897810218978,1.1538461538461537,2.0,4.3428571428571425
Real Valladolid,Barcelona,0.8626373626373627,2.0,3.754601226993865,1.7417582417582418,2.0,6.953271028037383
Barcelona,Recreativo Huelva,1.7362637362637363,2.0,6.641791044776119,1.064102564102564,2.0,4.48125
Getafe,Barcelona,0.9230769230769231,2.0,3.8138297872340425,2.3076923076923075,3.0,8.835164835164836
Real Betis,Barcelona,0.7527472527472527,3.0,4.276595744680851,1.7747252747252746,2.0,5.647058823529412
Valencia,Barcelona,0.9395604395604396,3.0,4.623287671232877,1.7371794871794872,2.0,5.2405063291139244
Atlético Madrid,Barcelona,1.10989010989011,3.0,4.952662721893491,1.8409090909090908,2.0,6.791666666666667
Barcelona,Málaga,1.9725274725274726,2.0,7.338028169014085,0.9945054945054945,2.0,4.292553191489362
Barcelona,Espanyol,1.4175824175824177,2.0,5.530120481927711,1.0494505494505495,2.0,4.5
Barcelona,CD Numancia de Soria,1.8626373626373627,2.0,6.12962962962963,0.8131868131868132,2.0,3.9767441860465116
Sevilla,Barcelona,1.0164835164835164,2.0,3.9583333333333335,1.7087912087912087,2.0,6.447115384615385
Real Madrid,Barcelona,1.1263736263736264,2.0,4.475138121546961,1.60989010989011,2.0,6.258620689655173
Barcelona,Racing Santander,2.0054945054945055,2.0,5.660377358490566,0.8516483516483516,3.0,3.75
Sporting Gijón,Barcelona,0.978021978021978,2.0,4.277777777777778,1.7527472527472527,2.0,6.906976744186046
CD Numancia de Soria,Barcelona,0.7912087912087912,3.0,3.6222222222222222,1.8241758241758241,2.0,5.815165876777251
Almería,Barcelona,0.7527472527472527,2.0,3.9051724137931036,2.1043956043956045,2.0,7.415384615384616
Barcelona,Real Betis,1.7472527472527473,2.0,6.108247422680412,1.0054945054945055,2.0,4.049079754601227
Villarreal,Barcelona,1.3406593406593406,2.0,4.765625,1.598901098901099,2.0,6.607142857142857
Barcelona,RC Deportivo La Coruña,1.946969696969697,2.0,6.649681528662421,1.0494505494505495,2.0,4.392265193370166
Barcelona,Real Valladolid,1.401098901098901,2.0,4.831730769230769,1.2197802197802199,2.0,4.903553299492386
Recreativo Huelva,Barcelona,1.0494505494505495,2.0,4.110497237569061,1.60989010989011,2.0,5.6716417910447765
Espanyol,Barcelona,0.9807692307692307,2.0,4.0479452054794525,1.3461538461538463,2.0,4.680722891566265
Osasuna,Barcelona,0.9725274725274725,2.0,4.87292817679558,1.7912087912087913,2.0,6.418269230769231
Barcelona,Valencia,1.554945054945055,2.0,6.537037037037037,1.3406593406593406,2.0,5.507936507936508
Levante UD,Barcelona,1.1153846153846154,2.0,4.616580310880829,1.7362637362637363,2.0,5.508403361344538
Barcelona,Atlético Madrid,1.955128205128205,2.0,6.719178082191781,1.2362637362637363,2.0,4.486111111111111
Barcelona,Athletic Club,2.0549450549450547,2.0,7.095238095238095,1.032967032967033,2.0,4.28125
Barcelona,Levante UD,2.1758241758241756,2.0,7.0,0.7472527472527473,2.0,3.5762711864406778
Real Murcia CF,Barcelona,1.0164835164835164,2.0,4.252293577981652,1.7637362637362637,2.0,7.0344827586206895
Racing Santander,Barcelona,0.8516483516483516,2.0,4.5,2.065934065934066,2.0,7.869565217391305
Barcelona,Real Zaragoza,1.945054945054945,2.0,7.122994652406417,0.8791208791208791,2.0,3.663716814159292
Athletic Club,Barcelona,1.2252747252747254,2.0,5.336538461538462,1.8012820512820513,2.0,6.497237569060774
Atlético Madrid,Barcelona,0.9835164835164835,3.0,5.641025641025641,1.891025641025641,2.0,6.4576271186440675
Getafe,Barcelona,0.9505494505494505,2.0,4.096153846153846,1.5,2.0,5.662921348314606
Villarreal,Barcelona,1.3186813186813187,2.0,6.0647482014388485,1.5714285714285714,2.0,5.884615384615385
Barcelona,RC Deportivo La Coruña,2.2756410256410255,2.0,7.301020408163265,1.1703296703296704,2.0,4.763636363636364
Barcelona,Espanyol,1.7967032967032968,2.0,5.891891891891892,1.064102564102564,2.0,4.179775280898877
Espanyol,Barcelona,1.2820512820512822,2.0,5.098360655737705,1.5,2.0,6.091703056768559
Barcelona,Almería,1.60989010989011,2.0,5.872037914691943,1.0384615384615385,2.0,4.2631578947368425
Barcelona,Osasuna,1.5714285714285714,2.0,6.099447513812155,0.8461538461538461,2.0,4.351145038167939
Real Valladolid,Barcelona,1.1978021978021978,2.0,4.980295566502463,1.6318681318681318,2.0,6.09375
Barcelona,Real Betis,1.7637362637362637,2.0,6.726708074534161,1.141025641025641,2.0,4.62111801242236
Barcelona,Mallorca,1.4395604395604396,2.0,5.555023923444976,1.1318681318681318,2.0,4.562874251497006
Barcelona,Sevilla,1.5769230769230769,2.0,8.363013698630137,0.978021978021978,3.0,5.213793103448276
Barcelona,Recreativo Huelva,1.8296703296703296,2.0,5.873831775700935,0.7857142857142857,2.0,3.678832116788321
Barcelona,Racing Santander,1.6593406593406594,2.0,5.656387665198238,1.120879120879121,2.0,4.9728260869565215
Sevilla,Barcelona,1.1730769230769231,2.0,4.311377245508982,1.6483516483516483,2.0,5.723684210526316
Real Zaragoza,Barcelona,1.2564102564102564,2.0,4.714285714285714,1.5934065934065933,2.0,5.682539682539683
Recreativo Huelva,Barcelona,1.043956043956044,2.0,4.877300613496932,1.3241758241758241,2.0,5.121546961325967
Real Madrid,Barcelona,1.4505494505494505,2.0,5.507246376811594,1.1978021978021978,2.0,4.843575418994414
Barcelona,Valencia,1.7527472527472527,2.0,6.955414012738854,1.2307692307692308,2.0,4.370689655172414
Valencia,Barcelona,1.1043956043956045,2.0,4.427884615384615,2.0054945054945055,2.0,7.170124481327801
Atlético Madrid,Barcelona,1.021978021978022,2.0,4.132978723404255,1.60989010989011,2.0,6.451612903225806
Real Zaragoza,Barcelona,1.2802197802197801,2.0,5.213114754098361,1.664835164835165,2.0,5.779220779220779
Sevilla,Barcelona,1.0824175824175823,2.0,4.346153846153846,1.7032967032967032,2.0,7.271523178807947
Barcelona,Athletic Club,1.9505494505494505,2.0,7.010869565217392,0.9285714285714286,3.0,4.543478260869565
Gimnàstic Tarragona,Barcelona,0.9395604395604396,2.0,4.150485436893204,1.6758241758241759,2.0,6.27906976744186
Celta Vigo,Barcelona,1.0384615384615385,2.0,4.26,2.0256410256410255,2.0,6.346153846153846
Barcelona,Real Betis,1.4230769230769231,2.0,4.900523560209424,0.9560439560439561,2.0,4.072847682119205
Barcelona,Real Madrid,1.7197802197802199,2.0,6.278688524590164,1.3269230769230769,2.0,4.95
Valencia,Barcelona,1.0,2.0,4.537974683544304,2.358974358974359,2.0,7.422680412371134
Real Madrid,Barcelona,1.141025641025641,2.0,4.93006993006993,1.8461538461538463,2.0,7.291390728476821
Barcelona,Sevilla,1.6593406593406594,2.0,6.568421052631579,1.3076923076923077,2.0,4.863436123348017
Recreativo Huelva,Barcelona,1.1043956043956045,2.0,4.462686567164179,2.379120879120879,2.0,8.23469387755102
Barcelona,Espanyol,2.0833333333333335,2.0,6.59433962264151,0.8791208791208791,2.0,3.842857142857143
Villarreal,Barcelona,1.164835164835165,2.0,4.909090909090909,2.143939393939394,2.0,7.8984375
Barcelona,Racing Santander,1.7637362637362637,2.0,7.41717791411043,1.0256410256410255,2.0,4.204545454545454
Barcelona,Levante UD,2.3863636363636362,2.0,6.898305084745763,0.8571428571428571,2.0,3.982142857142857
Barcelona,Mallorca,1.8021978021978022,2.0,6.5479452054794525,1.0576923076923077,2.0,4.913793103448276
Barcelona,RC Deportivo La Coruña,1.6483516483516483,2.0,6.136363636363637,1.185897435897436,2.0,4.467032967032967
Real Sociedad,Barcelona,1.2197802197802199,2.0,4.802816901408451,1.5576923076923077,2.0,5.980645161290322
Barcelona,Real Zaragoza,1.6868131868131868,2.0,6.0162162162162165,0.9560439560439561,2.0,4.3907284768211925
Barcelona,Valencia,2.2564102564102564,2.0,7.957894736842105,0.8791208791208791,3.0,4.631578947368421
Racing Santander,Barcelona,0.7362637362637363,2.0,3.5838926174496644,1.8626373626373627,2.0,7.109826589595376
RC Deportivo La Coruña,Barcelona,1.1153846153846154,2.0,4.529126213592233,1.4835164835164836,2.0,5.543478260869565
Athletic Club,Barcelona,0.9065934065934066,2.0,4.105263157894737,2.0054945054945055,2.0,6.4708520179372195
Barcelona,Osasuna,1.9120879120879122,2.0,7.1138613861386135,1.0934065934065933,2.0,4.862637362637362
Barcelona,Getafe,1.0384615384615385,2.0,4.826086956521739,1.2115384615384615,2.0,4.791666666666667
Barcelona,Málaga,1.7802197802197801,2.0,5.678571428571429,0.8296703296703297,2.0,4.116788321167883
Barcelona,Deportivo Alavés,1.7857142857142858,2.0,6.783333333333333,1.1474358974358974,2.0,4.452830188679245
Villarreal,Barcelona,1.3269230769230769,2.0,5.140350877192983,1.1428571428571428,3.0,4.900763358778626
Barcelona,Celta Vigo,1.8525641025641026,2.0,6.859756097560975,1.5320512820512822,2.0,6.3311688311688314
Barcelona,Real Betis,1.4395604395604396,2.0,5.083832335329341,1.2115384615384615,2.0,5.172413793103448
Getafe,Barcelona,1.2362637362637363,2.0,4.9156626506024095,1.7637362637362637,2.0,5.985849056603773
Espanyol,Barcelona,0.6474358974358975,2.0,3.7567567567567566,1.4065934065934067,2.0,5.481081081081081
Barcelona,Racing Santander,1.89010989010989,2.0,7.547872340425532,0.8351648351648352,2.0,3.860294117647059
Real Zaragoza,Barcelona,1.1923076923076923,2.0,6.473684210526316,1.664835164835165,2.0,5.181818181818182
Barcelona,Real Zaragoza,1.3681318681318682,2.0,6.075,0.9340659340659341,3.0,4.621621621621622
Barcelona,Atlético Madrid,1.445054945054945,2.0,5.260089686098655,0.967032967032967,2.0,4.585714285714285
Mallorca,Barcelona,1.0769230769230769,2.0,4.083870967741936,1.510989010989011,2.0,5.949720670391062
Barcelona,Sevilla,1.9871794871794872,2.0,5.945454545454545,1.1758241758241759,2.0,5.116666666666666
Real Madrid,Barcelona,1.6346153846153846,2.0,5.8076923076923075,1.7803030303030303,2.0,6.214285714285714
Barcelona,Athletic Club,1.8974358974358974,2.0,6.481283422459893,0.6153846153846154,2.0,3.635294117647059
Cádiz,Barcelona,1.3736263736263736,2.0,4.626865671641791,1.2912087912087913,2.0,4.962765957446808
Barcelona,Osasuna,1.7252747252747254,2.0,6.292035398230088,0.8241758241758241,2.0,3.398936170212766
Barcelona,Málaga,2.051282051282051,2.0,6.90625,0.7307692307692307,2.0,3.9921259842519685
Barcelona,Osasuna,1.2362637362637363,2.0,4.238532110091743,0.7967032967032966,2.0,3.5823529411764707
Barcelona,Albacete,1.9871794871794872,2.0,8.286713286713287,0.6538461538461539,3.0,4.112359550561798
Barcelona,Levante UD,1.9924242424242424,2.0,6.39375,0.9560439560439561,2.0,4.188311688311688
Albacete,Barcelona,0.9505494505494505,3.0,4.270588235294118,1.0824175824175823,3.0,5.376
Barcelona,Getafe,1.955128205128205,2.0,8.119047619047619,1.164835164835165,2.0,4.079439252336448
Espanyol,Barcelona,0.7087912087912088,2.0,3.3666666666666667,1.4615384615384615,2.0,5.7032967032967035
Real Madrid,Barcelona,1.75,2.0,6.36144578313253,1.4242424242424243,2.0,5.108108108108108
